Reference ID,Country,Product Code,Product Name,Subscription Start Date,Subscription Deactivation Date,Subscription Duration Months,Order Date Kyiv,Return Date Kyiv,Last Rebill Date Kyiv,Has Chargeback,Has Refund,Sales Agent Name,Source,Campaign Name,Total Amount ($),Discount Amount ($),Number Of Rebills,Original Amount ($),Returned Amount ($),Total Rebill Amount
GYB220101-1800-81123,AU,aq-one-time-pc-support, Support One Time PC Support ,,,0,2022-01-01 05:22:06,,,No,No,Esmee,Call,AQ_7,119.19,29.8,,148.99,,
GYB220101-1800-27157,US,aq-gyb-support-3-month-plan-lo, Support 3-month Plan,2022-01-01,2022-10-08,1,2022-01-01 22:34:21,,2022-09-01 13:20:17,No,No,Nick,Chat,AQ_9,149.25,49.75,6.0,199.0,,119.7
GYB220102-5490-53112,US,aq-gyb-support-single-monthly, Support Single Device Monthly Subscription,2022-01-02,2022-02-02,1,2022-01-02 18:26:19,,,No,No,Clary,Chat,AQ_9,99.0,0.0,,99.0,,
GYB220102-5490-23160,US,aq-gyb-support-36-month-plan-hi, Support 36-month Plan,2022-01-02,,36,2022-01-02 21:53:04,2022-01-04 12:38:07,,No,Yes,Jackie,Call,AQ_9,684.0,0.0,,684.0,634.0,
GYB220103-4319-34119,US,gyb-support-24-month-plan-hi, Support 24-month Plan,2022-01-03,,24,2022-01-03 21:31:49,,,No,No,Jackie,Call,BF.Upgrade,489.6,86.4,,576.0,,
GYB220103-6977-97158,CA,aq-one-time-pc-support, Support One Time PC Support ,,,0,2022-01-04 00:17:03,,,No,No,Jackie,Call,AQ_1,119.74,29.94,,149.68,,
GYB220104-5490-77123,US,aq-gyb-support-36-month-plan-hi, Support 36-month Plan,2022-01-04,2025-01-04,36,2022-01-04 18:25:08,,,No,No,Megan,Chat,AQ_9,684.0,0.0,,684.0,,
GYB220104-8715-72118,US,aq-gyb-support-12-month-plan-hi, Support 12-month Plan,2022-01-04,2023-01-11,1,2022-01-04 19:32:48,,,No,No,Vicky,Call,AQ_9,345.6,86.4,,432.0,,
GYB220104-4319-32105,US,aq-one-time-pc-support, Support One Time PC Support ,,,0,2022-01-04 21:53:12,,,No,No,Megan,Chat,AQ_9,149.0,0.0,,149.0,,
GYB220104-2435-91122,CA,aq-one-time-pc-support, Support One Time PC Support ,,,0,2022-01-04 23:05:43,,,No,No,Vicky,Call,AQ_3,148.86,0.0,,148.86,,
GYB220104-2435-90148,US,gyb-support-24-month-plan-hi, Support 24-month Plan,2022-01-04,2024-06-02,24,2022-01-05 01:33:12,,,No,No,Esmee,Call,ByteFence.CTA,576.0,0.0,,576.0,,
GYB220105-5490-83111,US,aq-one-time-pc-support, Support One Time PC Support ,,,0,2022-01-05 07:07:28,,,No,No,Jackie,Call,AQ_9,126.65,22.35,,149.0,,
GYB220105-4319-74113,CA,aq-one-time-pc-support, Support One Time PC Support ,,,0,2022-01-06 01:08:02,,,No,No,Esmee,Call,AQ_1,97.11,52.29,,149.4,,
GYB220106-2435-53108,US,aq-one-time-pc-support, Support One Time PC Support ,,,0,2022-01-06 03:43:43,,,No,No,,,,96.85,52.15,,149.0,,
GYB220106-5490-48130,US,aq-gyb-support-single-monthly, Support Single Device Monthly Subscription,2022-01-06,2022-02-06,1,2022-01-06 17:51:20,,,No,No,Esmee,Call,AQ_9,79.2,19.8,,99.0,,
GYB220106-2435-63145,US,aq-gyb-support-12-month-plan-hi, Support 12-month Plan,2022-01-06,2022-01-13,12,2022-01-06 18:43:47,2022-01-13 03:20:04,,Yes,No,Esmee,Call,AQ_9,432.0,0.0,,432.0,432.0,
GYB220106-1800-64131,US,aq-gyb-support-single-monthly, Support Single Device Monthly Subscription,2022-01-06,2022-02-06,1,2022-01-06 20:31:33,,,No,No,Esmee,Call,AQ_25,99.0,0.0,,99.0,,
GYB220106-8715-51112,CA,aq-one-time-pc-support, Support One Time PC Support ,,,0,2022-01-06 21:18:49,,,No,No,Jacob,Call,AQ_1,149.45,0.0,,149.45,,
GYB220107-6911-85132,US,aq-gyb-support-12-month-plan-hi, Support 12-month Plan,2022-01-07,,1,2022-01-07 03:36:05,,2023-10-07 13:12:37,No,No,Biby,Chat,AQ_9,432.0,0.0,10.0,432.0,,199.49999999999997
GYB220107-6604-87123,US,aq-gyb-support-6-month-plan-lo, Support 6-month Plan,2022-01-07,2022-06-07,6,2022-01-07 20:07:10,,,No,No,Rodger,Call,AQ.Upgrade,174.3,74.7,,249.0,,
GYB220107-1511-41116,CA,aq-gyb-support-36-month-plan-hi, Support 36-month Plan,2022-01-07,,36,2022-01-07 20:35:54,,,No,No,Jayce,Call,AQ_9,683.68,0.0,,683.68,,
GYB220108-5542-65141,CA,aq-gyb-support-12-month-plan-hi, Support 12-month Plan,2022-01-08,2022-01-29,12,2022-01-08 17:50:16,2022-01-29 11:51:45,,Yes,No,Rodger,Call,AQ_1,302.37,129.59,,431.96000000000004,281.07,
GYB220108-6911-25129,GB,aq-one-time-pc-support, Support One Time PC Support ,,,0,2022-01-08 19:02:21,,,No,No,Clary,Chat,AQ_9,149.41,0.0,,149.41,,
GYB220108-6911-44171,US,aq-gyb-support-single-monthly, Support Single Device Monthly Subscription,2022-01-08,2022-02-08,1,2022-01-08 19:42:51,,,No,No,Jackie,Call,AQ_25,49.5,49.5,,99.0,,
GYB220108-4354-86171,CA,aq-gyb-support-12-month-plan-hi, Support 12-month Plan,2022-01-08,,1,2022-01-09 00:39:03,,2023-10-08 12:12:29,No,No,Rodger,Call,AQ_1,345.57,86.39,10.0,431.96,,192.95000000000002
GYB220108-6911-16230,US,aq-gyb-support-single-monthly, Support Single Device Monthly Subscription,2022-01-08,2022-04-08,1,2022-01-09 02:47:06,,2022-03-08 11:14:57,No,No,Rodger,Call,AQ_9,99.0,0.0,2.0,99.0,,39.9
GYB220109-4354-47123,US,aq-gyb-support-3-month-plan-lo, Support 3-month Plan,2022-01-09,,1,2022-01-09 03:13:47,,2023-10-09 12:18:28,No,No,Nick,Call,AQ_25,199.0,0.0,19.0,199.0,,379.0499999999999
GYB220109-1511-50132,US,aq-gyb-support-3-month-plan-lo, Support 3-month Plan,2022-01-09,2022-04-09,3,2022-01-09 04:56:14,,,No,No,Jayce,Call,AQ_9,199.0,0.0,,199.0,,
GYB220109-4354-44148,US,aq-gyb-support-3-month-plan-lo, Support 3-month Plan,2022-01-09,2022-05-16,1,2022-01-09 13:11:29,,2022-04-09 15:04:13,No,No,Megan,Chat,AQ_9,159.2,39.8,1.0,199.0,,19.95
GYB220109-6604-74116,US,aq-gyb-support-36-month-plan-hi, Support 36-month Plan,2022-01-09,,36,2022-01-10 01:45:23,,,No,No,Rodger,Call,AQ_25,478.8,205.2,,684.0,,
GYB220110-6911-44113,US,aq-gyb-support-36-month-plan-hi, Support 36-month Plan,2022-01-10,,36,2022-01-10 06:42:01,,,No,No,Rodger,Call,AQ_9,478.8,205.2,,684.0,,
GYB220110-4354-47133,US,aq-gyb-support-24-month-plan-hi, Support 24-month Plan,2022-01-10,2024-01-10,24,2022-01-10 19:31:39,,,No,No,Esmee,Call,AQ_25,576.0,0.0,,576.0,,
GYB220110-4354-90170,CA,aq-gyb-support-36-month-plan-hi, Support 36-month Plan,2022-01-10,,36,2022-01-10 21:08:05,,,No,No,Esmee,Call,AQ_1,684.1,0.0,,684.1,,
GYB220110-6604-28126,US,aq-gyb-support-12-month-plan-hi, Support 12-month Plan,2022-01-10,2023-01-10,12,2022-01-11 01:29:13,,,No,No,Vicky,Call,AQ_25,432.0,0.0,,432.0,,
GYB220110-8954-29129,US,aq-gyb-support-3-month-plan-lo, Support 3-month Plan,2022-01-10,2022-04-10,3,2022-01-11 01:34:15,,,No,No,Rinna,Chat,AQ_9,199.0,0.0,,199.0,,
GYB220111-1511-84107,US,aq-gyb-support-12-month-plan-hi, Support 12-month Plan,2022-01-11,2023-01-09,12,2022-01-11 03:22:55,2022-02-12 17:17:56,,No,Yes,Jayce,Call,AQ_9,432.0,0.0,,432.0,382.0,
GYB220111-4354-59122,AU,aq-gyb-support-12-month-plan-hi, Support 12-month Plan,2022-01-11,2023-01-11,12,2022-01-11 12:28:34,,,No,No,Olivia,Chat,AQ_9,431.6,0.0,,431.6,,
GYB220111-5542-38113,US,aq-one-time-pc-support, Support One Time PC Support ,,,0,2022-01-11 20:11:51,,,No,No,Jacob,Call,AQ_25,111.75,37.25,,149.0,,
GYB220111-1511-18147,US,aq-one-time-pc-support, Support One Time PC Support ,,,0,2022-01-11 21:24:28,,,No,No,Biby,Chat,AQ_9,149.0,0.0,,149.0,,
GYB220111-6911-88135,US,aq-gyb-support-single-monthly, Support Single Device Monthly Subscription,2022-01-11,2022-02-11,1,2022-01-12 02:25:44,,,No,No,Esmee,Call,AQ_9,49.5,49.5,,99.0,,
GYB220112-8954-29108,US,aq-one-time-pc-support, Support One Time PC Support ,,,0,2022-01-12 04:39:31,,,No,No,Vicky,Call,AQ_25,119.2,29.8,,149.0,,
GYB220112-6604-58114,AU,aq-gyb-support-12-month-plan-hi, Support 12-month Plan,2022-01-12,2023-01-12,12,2022-01-12 07:49:46,,,No,No,Vicky,Call,AQ_7,367.27,64.81,,432.08,,
GYB220113-1511-88122,US,aq-gyb-support-24-month-plan-hi, Support 24-month Plan,2022-01-13,,24,2022-01-13 18:07:25,,,No,No,Rodger,Call,AQ_9,576.0,0.0,,576.0,,
GYB220113-1511-25165,US,aq-one-time-pc-support, Support One Time PC Support ,,,0,2022-01-13 19:44:05,,,No,No,Jacob,Call,AQ_9,111.75,37.25,,149.0,,
GYB220113-6911-97136,US,aq-gyb-support-36-month-plan-hi, Support 36-month Plan,2022-01-13,2025-09-13,36,2022-01-13 19:53:34,,,No,No,Rodger,Chat,AQ.Upgrade,478.8,205.2,,684.0,,
GYB220113-8954-28128,AU,aq-gyb-support-12-month-plan-hi, Support 12-month Plan,2022-01-13,2023-01-20,1,2022-01-14 02:21:53,,,No,No,Isaac,Call,AQ_7,323.99,108.0,,431.99,,
GYB220113-5542-30106,US,aq-gyb-support-single-monthly, Support Single Device Monthly Subscription,2022-01-13,2022-09-13,1,2022-01-14 02:26:38,,2022-08-13 14:07:23,No,No,Nick,Call,AQ_9,79.2,19.8,7.0,99.0,,139.65
GYB220114-8954-36122,US,aq-gyb-support-36-month-plan-hi, Support 36-month Plan,2022-01-14,2025-01-14,36,2022-01-14 19:15:11,,,No,No,Rodger,Call,BF.Upgrade,478.8,205.2,,684.0,,
GYB220114-5542-89110,US,aq-gyb-support-single-monthly, Support Single Device Monthly Subscription,2022-01-14,,1,2022-01-14 19:53:28,,2023-10-14 13:08:58,No,No,Rodger,Call,AQ_9,99.0,0.0,21.0,99.0,,418.9499999999999
GYB220114-8954-75165,US,aq-gyb-support-single-monthly, Support Single Device Monthly Subscription,2022-01-14,2022-05-21,1,2022-01-14 21:01:58,,2022-04-14 15:16:04,No,No,Nick,Call,AQ_9,99.0,0.0,3.0,99.0,,59.849999999999994
GYB220114-6911-61143,US,aq-one-time-pc-support, Support One Time PC Support ,,,0,2022-01-14 23:37:40,,,No,No,Rodger,Call,AQ_9,74.5,74.5,,149.0,,
GYB220114-4354-98127,US,aq-gyb-support-36-month-plan-hi, Support 36-month Plan,2022-01-14,,36,2022-01-15 02:39:13,,,No,No,Jackie,Call,AQ_9,684.0,0.0,,684.0,,
GYB220115-5542-13134,US,aq-gyb-support-36-month-plan-hi, Support 36-month Plan,2022-01-15,,36,2022-01-15 19:18:46,,,No,No,,,,684.0,0.0,,684.0,,
GYB220115-4354-14130,CA,aq-one-time-pc-support, Support One Time PC Support ,,,0,2022-01-15 20:32:37,,,No,No,Jackie,Call,AQ_9,112.15,37.38,,149.53,,
GYB220115-1511-83127,US,aq-gyb-support-36-month-plan-hi, Support 36-month Plan,2022-01-15,2022-06-15,36,2022-01-15 22:00:23,2022-06-15 13:52:01,,No,Yes,Jackie,Call,AQ_9,684.0,0.0,,684.0,535.0,
GYB220115-6604-51110,CA,aq-one-time-pc-support, Support One Time PC Support ,,,0,2022-01-15 23:46:09,,,No,No,Jackie,Call,AQ_1,97.2,52.34,,149.54000000000002,,
GYB220116-4354-54118,US,gyb-support-24-month-plan-hi, Support 24-month Plan,2022-01-16,2024-01-16,24,2022-01-16 07:00:18,,,No,No,Rodger,Call,BF.Upgrade,403.2,172.8,,576.0,,
GYB220116-8954-85139,US,aq-gyb-support-single-monthly, Support Single Device Monthly Subscription,2022-01-16,2023-03-16,1,2022-01-17 02:28:59,,2023-02-16 13:46:49,No,No,Rinna,Chat,AQ_9,99.0,0.0,13.0,99.0,,259.34999999999997
GYB220117-4354-30158,US,aq-one-time-pc-support, Support One Time PC Support ,,,0,2022-01-17 18:36:07,,,No,No,Biby,Chat,AQ_9,149.0,0.0,,149.0,,
GYB220117-4354-16192,US,aq-one-time-pc-support, Support One Time PC Support ,,,0,2022-01-17 23:10:20,,,No,No,Esmee,Call,AQ_25,149.0,0.0,,149.0,,
GYB220117-2241-26129,US,aq-one-time-pc-support, Support One Time PC Support ,,,0,2022-01-18 00:06:49,,,No,No,Vicky,Call,AQ_9,149.0,0.0,,149.0,,
GYB220117-5542-74117,US,aq-one-time-pc-support, Support One Time PC Support ,,,0,2022-01-18 01:33:41,,,No,No,,,,104.3,44.7,,149.0,,
GYB220117-1511-42127,AU,aq-gyb-support-single-monthly, Support Single Device Monthly Subscription,2022-01-17,2022-02-17,1,2022-01-18 02:07:46,,,No,No,Esmee,Call,AQ_7,49.7,49.7,,99.4,,
GYB220118-5922-10128,AU,aq-gyb-support-12-month-plan-hi, Support 12-month Plan,2022-01-18,2023-01-18,12,2022-01-18 04:54:05,,,No,No,Megan,Chat,AQ_9,432.46,0.0,,432.46,,
GYB220118-5542-13132,US,aq-one-time-pc-support, Support One Time PC Support ,,,0,2022-01-18 17:19:19,,,No,No,Olivia,Chat,AQ_9,96.85,52.15,,149.0,,
GYB220118-2241-69161,US,aq-gyb-support-12-month-plan-hi, Support 12-month Plan,2022-01-18,2023-01-18,12,2022-01-18 21:56:00,,,No,No,Olivia,Chat,AQ_9,432.0,0.0,,432.0,,
GYB220119-1511-12112,NZ,aq-gyb-support-12-month-plan-hi, Support 12-month Plan,2022-01-19,2023-01-19,12,2022-01-19 03:27:37,,,No,No,Biby,Chat,AQ_9,432.12,0.0,,432.12,,
GYB220119-1100-86144,UA,aq-gyb-support-12-month-plan, Support 12-month plan,2022-01-19,2023-01-19,12,2022-01-19 12:36:59,,,No,No,,,,336.0,0.0,,336.0,,
GYB220119-5542-36129,US,aq-gyb-support-single-monthly, Support Single Device Monthly Subscription,2022-01-19,2022-07-21,1,2022-01-19 12:55:25,,2022-06-21 15:03:02,No,No,Clary,Chat,AQ_9,99.0,0.0,5.0,99.0,,99.75
GYB220119-5542-34147,US,aq-gyb-support-single-monthly, Support Single Device Monthly Subscription,2022-01-19,2022-01-19,1,2022-01-19 20:44:52,2022-01-19 14:01:23,,No,Yes,Jackie,Call,AQ.Upgrade,99.0,0.0,,99.0,99.0,
GYB220120-5593-26130,US,aq-gyb-support-24-month-plan-hi, Support 24-month Plan,2022-01-20,2024-01-20,24,2022-01-20 04:00:30,,,No,No,Jacob,Call,AQ_9,460.8,115.2,,576.0,,
GYB220120-5593-50153,US,aq-gyb-support-multiple-monthly, Support Multiple Device Monthly Subscription,2022-01-20,2022-01-20,1,2022-01-20 21:33:22,,,No,No,Clary,Chat,AQ_9,99.0,0.0,,99.0,,
GYB220120-6604-72109,CA,aq-gyb-support-12-month-plan-hi, Support 12-month Plan,2022-01-20,2022-12-23,12,2022-01-21 01:25:14,,,No,No,Esmee,Call,AQ_1,431.7,0.0,,431.7,,
GYB220120-2241-43133,US,aq-gyb-support-multiple-monthly, Support Multiple Device Monthly Subscription,2022-01-20,2023-01-20,1,2022-01-21 02:35:35,,2022-12-21 15:22:56,No,No,Rodger,Call,AQ_9,49.5,49.5,11.0,99.0,,137.17000000000002
GYB220121-5040-92123,AU,aq-gyb-support-12-month-plan-hi, Support 12-month Plan,2022-01-21,2023-01-21,12,2022-01-21 05:43:55,,,No,No,Nick,Call,AQ_9,431.85,0.0,,431.85,,
GYB220121-8904-88103,US,aq-one-time-pc-support, Support One Time PC Support ,,,0,2022-01-21 14:13:44,,,No,No,Megan,Chat,AQ_9,104.3,44.7,,149.0,,
GYB220121-6407-70121,US,aq-one-time-pc-support, Support One Time PC Support ,,,0,2022-01-21 17:57:38,,,No,No,Vicky,Call,AQ_25,149.0,0.0,,149.0,,
GYB220121-2436-93132,US,aq-one-time-pc-support, Support One Time PC Support ,,,0,2022-01-21 23:22:30,,,No,No,Rodger,Call,AQ_25,149.0,0.0,,149.0,,
GYB220122-8904-42117,GF,aq-gyb-support-3-month-plan-lo, Support 3-month Plan,2022-01-22,2022-05-29,1,2022-01-22 17:38:36,,2022-04-22 14:59:28,No,No,Nick,Call,AQ_9,159.28,39.82,1.0,199.1,,19.86
GYB220122-8769-24151,US,aq-gyb-support-12-month-plan-hi, Support 12-month Plan,2022-01-22,2022-02-22,12,2022-01-22 18:31:22,2022-02-22 12:27:58,,No,Yes,Megan,Chat,AQ_9,324.0,108.0,,432.0,324.0,
GYB220122-2436-24119,US,aq-gyb-support-36-month-plan-hi, Support 36-month Plan,2022-01-22,,36,2022-01-22 20:44:26,,,No,No,Nick,Call,AQ_9,684.0,0.0,,684.0,,
GYB220122-2436-97159,BM,aq-gyb-support-12-month-plan-hi, Support 12-month Plan,2022-01-22,2023-01-22,12,2022-01-22 21:18:02,,,No,No,Megan,Chat,AQ_9,432.0,0.0,,432.0,,
GYB220122-2436-64171,US,aq-gyb-support-3-month-plan-lo, Support 3-month Plan,2022-01-22,2022-04-22,3,2022-01-22 22:36:28,,,No,No,,,,199.0,0.0,,199.0,,
GYB220122-8769-66181,CR,aq-gyb-support-12-month-plan-hi, Support 12-month Plan,2022-01-22,2023-01-22,12,2022-01-22 23:03:23,,,No,No,Nick,Call,AQ_9,324.0,108.0,,432.0,,
GYB220122-8904-75163,US,aq-gyb-support-3-month-plan-lo, Support 3-month Plan,2022-01-22,2022-09-20,1,2022-01-23 00:37:04,,2022-08-22 12:39:04,No,No,Jackie,Call,AQ_9,199.0,0.0,5.0,199.0,,99.75
GYB220123-2436-43128,US,aq-gyb-support-36-month-plan-hi, Support 36-month Plan,2022-01-23,,36,2022-01-23 22:16:35,,,No,No,Biby,Chat,AQ_9,684.0,0.0,,684.0,,
GYB220123-2436-86149,US,gyb-support-36-month-plan-hi, Support 36-month Plan,2022-01-23,2025-01-23,36,2022-01-23 23:01:13,,,No,No,Jackie,Call,BF.Upgrade,581.4,102.6,,684.0,,
GYB220123-2255-93147,US,aq-gyb-support-24-month-plan-hi, Support 24-month Plan,2022-01-23,,24,2022-01-23 23:24:14,,,No,No,Biby,Chat,AQ_9,576.0,0.0,,576.0,,
GYB220123-8769-26121,BS,aq-gyb-support-3-month-plan-lo, Support 3-month Plan,2022-01-23,2022-04-23,3,2022-01-24 02:25:21,,,No,No,Megan,Chat,AQ_9,199.0,0.0,,199.0,,
GYB220124-2255-50131,AU,aq-gyb-support-36-month-plan-hi, Support 36-month Plan,2022-01-24,2023-02-27,36,2022-01-24 04:36:41,2022-03-29 20:40:34,,No,Yes,Jayce,Call,AQ_7,683.69,0.0,,683.69,478.23,
GYB220124-1295-38123,US,aq-one-time-pc-support, Support One Time PC Support ,,,0,2022-01-24 16:58:58,,,No,No,Jayce,Call,AQ_9,149.0,0.0,,149.0,,
GYB220124-2436-59151,US,aq-gyb-support-36-month-plan-hi, Support 36-month Plan,2022-01-24,2025-01-24,36,2022-01-24 19:35:38,,,No,No,Jacob,Call,AQ_1,581.4,102.6,,684.0,,
GYB220124-8769-18129,US,aq-gyb-support-12-month-plan-hi, Support 12-month Plan,2022-01-24,2023-01-31,1,2022-01-24 20:19:25,,,No,No,Jayce,Call,AQ_1,432.0,0.0,,432.0,,
GYB220124-5040-40146,US,aq-gyb-support-24-month-plan-hi, Support 24-month Plan,2022-01-24,2022-02-01,24,2022-01-24 22:59:08,2022-02-01 12:13:33,,No,Yes,Jacob,Call,AQ_1,489.6,86.4,,576.0,489.6,
GYB220125-6407-71134,US,aq-gyb-support-12-month-plan-hi, Support 12-month Plan,2022-01-25,2023-02-01,1,2022-01-25 04:24:21,,,No,No,Esmee,Call,AQ_9,432.0,0.0,,432.0,,
GYB220125-2971-78104,US,aq-one-time-pc-support, Support One Time PC Support ,,,0,2022-01-25 04:59:53,,,No,No,Biby,Chat,AQ_9,119.2,29.8,,149.0,,
GYB220125-2971-41139,US,aq-gyb-support-12-month-plan-hi, Support 12-month Plan,2022-01-25,2023-02-20,1,2022-01-25 16:54:31,,2023-01-25 11:19:12,No,No,Rodger,Call,AQ_9,432.0,0.0,1.0,432.0,,19.95
GYB220125-2255-85132,CA,gyb-support-24-month-plan, Support 24-month plan,2022-01-25,2024-04-25,24,2022-01-25 20:04:29,,,No,No,Rodger,Chat,BF.Upgrade,323.67,107.89,,431.56,,
GYB220125-2971-44183,US,aq-gyb-support-multiple-monthly, Support Multiple Device Monthly Subscription,2022-01-25,2022-02-25,1,2022-01-25 20:50:37,,,No,No,Rodger,Call,AQ_25,99.0,0.0,,99.0,,
GYB220125-5040-15140,CA,aq-gyb-support-36-month-plan-hi, Support 36-month Plan,2022-01-25,2025-01-25,36,2022-01-26 00:44:25,,,No,No,Jackie,Call,AQ_9,683.3,0.0,,683.3,,
GYB220125-5040-15140,CA,aq-gyb-support-36-month-plan-hi, Support 36-month Plan,2022-01-25,2025-01-25,36,2022-01-26 00:44:25,,,No,No,Rodger,From Support,AQ.Upgrade,683.3,0.0,,683.3,,
GYB220125-5040-15140,CA,aq-gyb-support-36-month-plan-hi, Support 36-month Plan,2022-01-25,2025-01-25,36,2022-01-26 00:44:25,,,No,No,Rodger,From Support,AQ_9,683.3,0.0,,683.3,,
GYB220125-5040-15170,US,aq-gyb-support-single-monthly, Support Single Device Monthly Subscription,2022-01-25,2022-02-25,1,2022-01-26 01:06:35,,,No,No,Nick,Call,AQ_9,99.0,0.0,,99.0,,
GYB220125-2255-67157,CA,aq-one-time-pc-support, Support One Time PC Support ,,,0,2022-01-26 01:13:39,,,No,No,Jackie,Call,AQ_1,111.91,37.3,,149.20999999999998,,
GYB220125-2971-84221,US,aq-gyb-support-3-month-plan-lo, Support 3-month Plan,2022-01-25,2022-04-26,1,2022-01-26 01:50:01,,,No,No,Jackie,Call,AQ_5,199.0,0.0,,199.0,,
GYB220126-2971-96115,US,aq-gyb-support-12-month-plan-hi, Support 12-month Plan,2022-01-26,2023-01-26,12,2022-01-26 17:52:01,,,No,No,Jackie,Call,AQ_9,367.2,64.8,,432.0,,
GYB220126-5040-74119,CA,aq-gyb-support-24-month-plan-hi, Support 24-month Plan,2022-01-26,,24,2022-01-26 20:11:07,,,No,No,Rodger,Call,AQ_1,575.91,0.0,,575.91,,
GYB220126-8904-64130,MT,aq-gyb-support-36-month-plan-hi, Support 36-month Plan,2022-01-26,,36,2022-01-26 20:48:00,,,No,No,Clary,Chat,AQ_9,683.71,0.0,,683.71,,
GYB220127-6407-77118,PG,aq-gyb-support-24-month-plan-hi, Support 24-month Plan,2022-01-27,,24,2022-01-27 03:06:15,,,No,No,Ruby,Chat,AQ_9,576.0,0.0,,576.0,,
GYB220127-8769-14129,US,gyb-support-multiple-monthly, Support Multiple Device Monthly Subscription,2022-01-27,2022-04-03,1,2022-01-27 05:32:26,,2022-02-27 14:01:21,No,No,Esmee,Call,BF.Upgrade,89.1,9.9,1.0,99.0,,24.95
GYB220127-8904-71128,US,aq-one-time-pc-support, Support One Time PC Support ,,,0,2022-01-27 22:03:32,,,No,No,Esmee,Call,AQ_1,149.0,0.0,,149.0,,
GYB220127-2255-56123,CA,aq-one-time-pc-support, Support One Time PC Support ,,,0,2022-01-27 23:18:36,,,No,No,Vicky,Call,AQ_1,119.41,29.85,,149.26,,
GYB220127-2436-32115,US,aq-gyb-support-multiple-monthly, Support Multiple Device Monthly Subscription,2022-01-27,2022-02-27,1,2022-01-27 23:38:23,,,No,No,Esmee,Call,AQ_25,79.2,19.8,,99.0,,
GYB220127-2971-96120,US,aq-gyb-support-24-month-plan-hi, Support 24-month Plan,2022-01-27,,24,2022-01-27 23:55:59,,,No,No,Rodger,Call,AQ_5,576.0,0.0,,576.0,,
GYB220127-6407-35172,US,aq-one-time-pc-support, Support One Time PC Support ,,,0,2022-01-28 02:09:59,,,No,No,Jayce,Call,AQ_9,149.0,0.0,,149.0,,
GYB220128-4242-81115,CA,aq-gyb-support-12-month-plan-hi, Support 12-month Plan,2022-01-28,2022-03-10,12,2022-01-28 04:29:36,2022-03-10 04:41:37,,Yes,No,Jackie,Call,AQ_1,388.54,43.17,,431.71000000000004,358.83,
GYB220128-4977-22128,AU,aq-gyb-support-multiple-monthly, Support Multiple Device Monthly Subscription,2022-01-28,2023-08-26,1,2022-01-28 07:03:04,,2023-07-26 12:41:18,No,No,Rodger,Call,AQ_7,99.18,0.0,17.0,99.18,,409.04000000000013
GYB220128-5179-60121,US,aq-gyb-support-single-monthly, Support Single Device Monthly Subscription,2022-01-28,2022-02-28,1,2022-01-28 16:55:58,,,No,No,Esmee,Call,AQ_9,49.5,49.5,,99.0,,
GYB220128-4977-22147,GB,aq-gyb-support-36-month-plan-hi, Support 36-month Plan,2022-01-28,,36,2022-01-28 17:17:44,,,No,No,Megan,Chat,AQ_9,683.62,0.0,,683.62,,
GYB220128-4242-75153,US,aq-gyb-support-single-monthly, Support Single Device Monthly Subscription,2022-01-28,2022-02-28,1,2022-01-28 19:38:14,,,No,No,Esmee,Call,AQ_9,79.2,19.8,,99.0,,
GYB220128-1532-84116,CA,aq-gyb-support-single-monthly, Support Single Device Monthly Subscription,2022-01-28,2022-04-30,1,2022-01-28 23:02:37,,2022-04-28 21:04:56,No,No,Esmee,Call,AQ_1,99.48,0.0,3.0,99.48,,61.61
GYB220128-8017-69132,US,aq-gyb-support-36-month-plan-hi, Support 36-month Plan,2022-01-28,,36,2022-01-28 23:29:44,,,No,No,Jackie,Call,AQ.Upgrade,581.4,102.6,,684.0,,
GYB220128-9233-66122,US,aq-gyb-support-single-monthly, Support Single Device Monthly Subscription,2022-01-28,2022-03-07,1,2022-01-29 01:47:26,,,No,No,Rinna,Chat,AQ_9,99.0,0.0,,99.0,,
GYB220129-3398-77128,CA,aq-one-time-pc-support, Support One Time PC Support ,,,0,2022-01-29 03:58:43,,,No,No,Jackie,Call,AQ_1,74.42,74.42,,148.84,,
GYB220129-6501-56125,US,aq-gyb-support-12-month-plan-hi, Support 12-month Plan,2022-01-29,2023-01-29,12,2022-01-29 11:13:43,,,No,No,Olivia,Chat,AQ_9,432.0,0.0,,432.0,,
GYB220129-5179-98137,US,aq-gyb-support-36-month-plan-hi, Support 36-month Plan,2022-01-29,,36,2022-01-29 17:57:05,,,No,No,Biby,Chat,AQ_9,684.0,0.0,,684.0,,
GYB220129-8017-89112,US,aq-gyb-support-single-monthly, Support Single Device Monthly Subscription,2022-01-29,2022-02-28,1,2022-01-29 20:07:29,,,No,No,Esmee,Call,AQ_25,99.0,0.0,,99.0,,
GYB220129-4242-71142,US,aq-gyb-support-single-monthly, Support Single Device Monthly Subscription,2022-01-29,2022-01-29,1,2022-01-29 20:59:41,,,No,No,Nick,Call,AQ_9,99.0,0.0,,99.0,,
GYB220129-1532-19108,US,aq-one-time-pc-support, Support One Time PC Support ,,,0,2022-01-29 23:02:37,,,No,No,Biby,Chat,AQ_9,119.2,29.8,,149.0,,
GYB220129-3398-72196,US,aq-gyb-support-multiple-monthly, Support Multiple Device Monthly Subscription,2022-01-29,2022-02-28,1,2022-01-30 00:05:08,,,No,No,Vicky,Call,AQ_25,79.2,19.8,,99.0,,
GYB220130-4242-21130,US,aq-gyb-support-multiple-monthly, Support Multiple Device Monthly Subscription,2022-01-30,2022-02-28,1,2022-01-30 03:09:53,,,No,No,Vicky,Call,AQ_9,64.35,34.65,,99.0,,
GYB220130-4977-60113,AU,aq-gyb-support-single-monthly, Support Single Device Monthly Subscription,2022-01-30,2022-02-28,1,2022-01-30 04:19:36,,,No,No,Megan,Chat,AQ_9,49.48,49.48,,98.96,,
GYB220130-9233-77128,US,aq-gyb-support-36-month-plan-hi, Support 36-month Plan,2022-01-30,,36,2022-01-30 05:51:27,,,No,No,Vicky,Call,AQ_9,684.0,0.0,,684.0,,
GYB220130-5570-61108,UA,aq-gyb-support-12-month-plan, Support 12-month plan,2022-01-30,2022-01-31,12,2022-01-30 16:45:33,2022-01-31 04:14:22,,No,Yes,,,,336.0,0.0,,336.0,336.0,
GYB220130-5570-39129,UA,gotyourback-support-6-month-plan, Support 6-month plan,,,0,2022-01-30 16:51:40,2022-01-30 10:51:30,,No,Yes,,,,199.0,19.95,,218.95,199.0,
GYB220130-5179-82114,US,aq-gyb-support-multiple-monthly, Support Multiple Device Monthly Subscription,2022-01-30,2022-03-28,1,2022-01-30 18:57:19,2022-03-28 01:03:13,2022-02-28 13:05:23,Yes,No,Jacob,Call,AQ_9,64.35,34.65,1.0,99.0,64.35,24.95
GYB220130-4242-61155,US,aq-gyb-support-3-month-plan-lo, Support 3-month Plan,2022-01-30,2022-05-30,1,2022-01-30 20:33:52,,2022-04-30 11:05:42,No,No,Jacob,Call,AQ_1,199.0,0.0,1.0,199.0,,19.95
GYB220130-1532-55139,US,aq-gyb-support-36-month-plan-hi, Support 36-month Plan,2022-01-30,,36,2022-01-30 22:22:28,,,No,No,Nick,Call,AQ_1,684.0,0.0,,684.0,,
GYB220130-8017-82119,US,aq-gyb-support-single-monthly, Support Single Device Monthly Subscription,2022-01-30,2022-03-04,1,2022-01-31 01:53:31,,2022-02-28 13:38:42,No,No,Jacob,Call,AQ_25,49.5,49.5,1.0,99.0,,9.97
GYB220131-1532-96120,AU,aq-one-time-pc-support, Support One Time PC Support ,,,0,2022-01-31 03:37:34,,,No,No,Nick,Chat,AQ_7,149.28,0.0,,149.28,,
GYB220131-9233-32125,US,aq-gyb-support-36-month-plan-hi, Support 36-month Plan,2022-01-31,,36,2022-01-31 05:51:48,,,No,No,Esmee,Call,AQ_9,684.0,0.0,,684.0,,
GYB220131-5570-47128,UA,aq-gyb-support-12-month-plan, Support 12-month plan,2022-01-31,2022-01-31,12,2022-01-31 10:29:12,2022-01-31 03:36:39,,No,Yes,,,,336.0,0.0,,336.0,336.0,
GYB220131-5570-27160,UA,aq-gyb-support-12-month-plan, Support 12-month plan,2022-01-31,2022-01-31,12,2022-01-31 11:19:20,2022-01-31 04:23:34,,No,Yes,,,,336.0,0.0,,336.0,336.0,
GYB220131-5570-23200,UA,aq-gyb-support-12-month-plan, Support 12-month plan,2022-01-31,2022-01-31,12,2022-01-31 11:27:36,2022-01-31 04:29:47,,No,Yes,,,,336.0,0.0,,336.0,336.0,
GYB220131-5570-94231,UA,aq-gyb-support-12-month-plan, Support 12-month plan,2022-01-31,2022-01-31,12,2022-01-31 11:30:52,2022-01-31 04:33:08,,No,Yes,,,,336.0,0.0,,336.0,336.0,
GYB220131-5570-38250,UA,aq-gyb-support-12-month-plan, Support 12-month plan,2022-01-31,2022-01-31,12,2022-01-31 11:35:08,2022-01-31 04:37:01,,No,Yes,,,,336.0,0.0,,336.0,336.0,
GYB220131-5570-25301,UA,aq-gyb-support-12-month-plan, Support 12-month plan,2022-01-31,2022-01-31,12,2022-01-31 11:40:21,2022-01-31 04:42:18,,No,Yes,,,,336.0,0.0,,336.0,336.0,
GYB220131-5570-28333,UA,aq-gyb-support-12-month-plan, Support 12-month plan,2022-01-31,2022-01-31,12,2022-01-31 12:16:40,2022-01-31 05:17:48,,No,Yes,,,,336.0,0.0,,336.0,336.0,
GYB220131-5570-59368,UA,aq-gyb-support-12-month-plan, Support 12-month plan,2022-01-31,2023-01-26,12,2022-01-31 13:34:57,,,No,No,,,,336.0,0.0,,336.0,,
GYB220131-5570-18414,UA,aq-gyb-support-12-month-plan, Support 12-month plan,2022-01-31,2023-01-26,12,2022-01-31 13:43:11,,,No,No,,,,336.0,0.0,,336.0,,
GYB220131-5570-69446,UA,aq-gyb-support-12-month-plan, Support 12-month plan,2022-01-31,2023-01-26,12,2022-01-31 13:49:01,,,No,No,,,,336.0,0.0,,336.0,,
GYB220131-5570-86457,UA,aq-gyb-support-12-month-plan, Support 12-month plan,2022-01-31,2023-01-26,12,2022-01-31 16:01:34,,,No,No,,,,336.0,0.0,,336.0,,
GYB220131-5570-24501,UA,aq-gyb-support-12-month-plan, Support 12-month plan,2022-01-31,2023-01-26,12,2022-01-31 16:18:05,,,No,No,,,,336.0,0.0,,336.0,,
GYB220131-5570-37532,UA,aq-gyb-support-12-month-plan, Support 12-month plan,2022-01-31,,12,2022-01-31 16:25:32,,,No,No,,,,336.0,0.0,,336.0,,
GYB220131-5570-87556,UA,aq-gyb-support-12-month-plan, Support 12-month plan,2022-01-31,2023-01-26,12,2022-01-31 16:33:45,,,No,No,,,,336.0,0.0,,336.0,,
GYB220131-5570-52583,UA,aq-gyb-support-12-month-plan, Support 12-month plan,2022-01-31,2023-01-26,12,2022-01-31 16:41:41,,,No,No,,,,336.0,0.0,,336.0,,
GYB220131-5570-77615,UA,aq-gyb-support-12-month-plan, Support 12-month plan,2022-01-31,2023-01-26,12,2022-01-31 16:44:32,,,No,No,,,,336.0,0.0,,336.0,,
GYB220131-5570-49641,UA,aq-gyb-support-12-month-plan, Support 12-month plan,2022-01-31,2023-01-26,12,2022-01-31 16:52:38,,,No,No,,,,336.0,0.0,,336.0,,
GYB220131-5570-73666,UA,aq-gyb-support-12-month-plan, Support 12-month plan,2022-01-31,2023-01-26,12,2022-01-31 16:57:34,,,No,No,,,,336.0,0.0,,336.0,,
GYB220131-5570-94688,UA,aq-gyb-support-12-month-plan, Support 12-month plan,2022-01-31,2023-01-26,12,2022-01-31 17:00:11,,,No,No,,,,336.0,0.0,,336.0,,
GYB220131-5570-31724,UA,aq-gyb-support-12-month-plan, Support 12-month plan,2022-01-31,2023-01-26,12,2022-01-31 17:54:49,,,No,No,,,,336.0,0.0,,336.0,,
GYB220131-5570-42756,UA,gotyourback-support-6-month-plan, Support 6-month plan,,,0,2022-01-31 18:50:20,,,No,No,,,,199.0,19.95,,218.95,,
GYB220131-4242-33114,US,aq-one-time-pc-support, Support One Time PC Support ,,,0,2022-01-31 22:20:34,,,No,No,,,,119.2,29.8,,149.0,,
GYB220131-4977-45114,US,gyb-support-24-month-plan-hi, Support 24-month Plan,2022-01-31,,24,2022-01-31 22:53:06,,,No,No,Rodger,Call,BF.Upgrade,460.8,115.2,,576.0,,
GYB220131-5570-44764,UA,gotyourback-support-12-month-plan, Support 12-month plan,,,0,2022-01-31 23:39:16,,,No,No,,,,299.0,19.95,,318.95,,
GYB220131-9233-33175,US,aq-gyb-support-6-month-plan-lo, Support 6-month Plan,2022-01-31,2022-08-07,1,2022-02-01 00:36:54,,,No,No,Jacob,Call,AQ_25,199.2,49.8,,249.0,,
GYB220131-3398-96108,CA,aq-gyb-support-12-month-plan-hi, Support 12-month Plan,2022-01-31,,1,2022-02-01 00:54:47,,2023-09-28 11:29:26,No,No,Vicky,Call,AQ_1,432.23,0.0,9.0,432.23,,173.70000000000002
GYB220201-5570-22118,UA,aq-gyb-support-12-month-plan, Support 12-month plan,2022-02-01,,1,2022-02-01 17:09:02,,2022-03-08 19:19:35,No,No,,,,336.0,0.0,2.0,336.0,,39.9
GYB220201-4242-44123,US,gyb-support-36-month-plan-hi, Support 36-month Plan,2022-02-01,2025-02-01,36,2022-02-01 23:14:44,,,No,No,Esmee,Call,BF.Upgrade,684.0,0.0,,684.0,,
GYB220202-5179-53105,US,aq-one-time-pc-support, Support One Time PC Support ,,,0,2022-02-02 03:48:01,,,No,No,,,,119.2,29.8,,149.0,,
GYB220202-1532-21125,US,aq-gyb-support-single-monthly, Support Single Device Monthly Subscription,2022-02-02,2023-02-09,1,2022-02-02 22:36:56,,2023-01-03 20:04:24,No,No,Vicky,Call,AQ_9,49.5,49.5,11.0,99.0,,109.67
GYB220202-1532-71174,US,aq-gyb-support-12-month-plan-hi, Support 12-month Plan,2022-02-02,2023-02-02,12,2022-02-03 00:38:35,,,No,No,Megan,Chat,AQ_9,432.0,0.0,,432.0,,
GYB220202-9233-91123,AU,aq-gyb-support-single-monthly, Support Single Device Monthly Subscription,2022-02-02,2022-03-02,1,2022-02-03 02:45:12,,,No,No,Esmee,Call,AQ_7,49.47,49.47,,98.94,,
GYB220202-3398-32117,US,aq-gyb-support-24-month-plan, Support 24-month plan,2022-02-02,2024-02-02,24,2022-02-03 02:56:26,,,No,No,Rodger,Call,AQ.Upgrade,432.0,0.0,,432.0,,
GYB220203-6501-77116,AU,aq-gyb-support-single-monthly, Support Single Device Monthly Subscription,2022-02-03,2022-03-03,1,2022-02-03 03:37:39,,,No,No,Esmee,Call,AQ_7,64.31,34.63,,98.94,,
GYB220203-9233-51120,GB,aq-one-time-pc-support, Support One Time PC Support ,,,0,2022-02-03 15:01:37,,,No,No,Biby,Chat,AQ_9,149.31,0.0,,149.31,,
GYB220203-8017-20116,AU,gyb-support-12-month-plan, Support 12-month plan,2022-02-03,,1,2022-02-03 20:43:31,,2023-10-03 11:04:30,No,No,Esmee,Call,AQ.Upgrade,336.25,0.0,9.0,336.25,,168.07999999999998
GYB220203-6501-56143,US,aq-one-time-pc-support, Support One Time PC Support ,,,0,2022-02-03 21:32:00,,,No,No,Jacob,Call,AQ_9,74.5,74.5,,149.0,,
GYB220203-4977-81116,US,gyb-support-36-month-plan-hi, Support 36-month Plan,2022-02-03,,36,2022-02-04 01:46:53,,,No,No,Rodger,Call,BF.Upgrade,478.8,205.2,,684.0,,
GYB220203-6501-17170,US,aq-one-time-pc-support, Support One Time PC Support ,,,0,2022-02-04 02:35:16,,,No,No,Rinna,Chat,AQ_9,149.0,0.0,,149.0,,
GYB220204-5179-79108,US,gyb-support-6-month-plan-lo, Support 6-month Plan,2022-02-04,2022-11-02,1,2022-02-04 03:29:13,,2022-10-04 13:48:28,No,No,Rodger,From Support,BF.Upgrade,211.65,37.35,3.0,249.0,,59.849999999999994
GYB220204-8017-76129,CA,aq-gyb-support-12-month-plan-hi, Support 12-month Plan,2022-02-04,2022-03-01,12,2022-02-04 03:59:32,2022-03-01 12:30:49,,No,Yes,Rinna,Chat,AQ_9,432.28,0.0,,432.28,401.53,
GYB220204-6501-40120,US,aq-gyb-support-single-monthly, Support Single Device Monthly Subscription,2022-02-04,2022-02-04,1,2022-02-04 04:27:18,2022-02-04 15:28:44,,No,Yes,Rodger,Call,AQ_9,49.5,49.5,,99.0,49.5,
GYB220204-5179-13139,US,aq-gyb-support-single-monthly, Support Single Device Monthly Subscription,2022-02-04,2022-04-04,1,2022-02-04 17:36:12,,2022-03-04 12:07:50,No,No,Jacob,Call,AQ_9,99.0,0.0,1.0,99.0,,19.95
GYB220204-3398-78138,CA,aq-gyb-support-36-month-plan-hi, Support 36-month Plan,2022-02-04,,36,2022-02-04 19:50:33,,,No,No,Esmee,Call,AQ_1,683.97,0.0,,683.97,,
GYB220204-3398-79166,US,aq-gyb-support-3-month-plan-lo, Support 3-month Plan,2022-02-04,2023-01-10,1,2022-02-05 00:03:46,,2023-01-04 11:03:19,No,No,Esmee,Call,AQ_9,199.0,0.0,9.0,199.0,,179.54999999999998
GYB220205-1532-89107,US,aq-gyb-support-36-month-plan-hi, Support 36-month Plan,2022-02-05,2022-12-15,36,2022-02-05 03:25:15,,,No,No,Megan,From Support,AQ.Upgrade,513.0,171.0,,684.0,,
GYB220205-6501-14156,US,aq-gyb-support-3-month-plan-lo, Support 3-month Plan,2022-02-05,2023-04-12,1,2022-02-05 06:00:37,,2023-03-05 14:20:03,No,No,Vicky,Call,AQ_9,199.0,0.0,11.0,199.0,,219.44999999999996
GYB220205-6501-27168,US,aq-gyb-support-12-month-plan-hi, Support 12-month Plan,2022-02-05,2023-02-05,12,2022-02-05 15:21:05,,,No,No,,,,432.0,0.0,,432.0,,
GYB220205-1532-40144,US,aq-one-time-pc-support, Support One Time PC Support ,,,0,2022-02-05 19:10:14,,,No,No,Jacob,Call,AQ_9,149.0,0.0,,149.0,,
GYB220205-9233-32114,US,aq-gyb-support-multiple-monthly, Support Multiple Device Monthly Subscription,2022-02-05,2022-03-05,1,2022-02-06 01:16:13,,,No,No,Esmee,Call,AQ_9,49.5,49.5,,99.0,,
GYB220205-4977-12146,US,aq-gyb-support-single-monthly, Support Single Device Monthly Subscription,2022-02-05,2022-03-05,1,2022-02-06 02:37:38,,,No,No,Esmee,Call,AQ_9,49.5,49.5,,99.0,,
GYB220206-8017-49132,AU,aq-gyb-support-36-month-plan-hi, Support 36-month Plan,2022-02-06,2022-02-23,36,2022-02-06 06:42:06,2022-02-23 19:54:03,,No,Yes,Esmee,Call,AQ_7,683.47,0.0,,683.47,480.66,
GYB220206-9233-87112,CA,gyb-support-36-month-plan-hi, Support 36-month Plan,2022-02-06,,36,2022-02-06 17:42:57,,,No,No,Rodger,Call,BF.Upgrade,580.95,102.52,,683.47,,
GYB220206-9233-36137,US,aq-gyb-support-36-month-plan-hi, Support 36-month Plan,2022-02-06,,36,2022-02-06 23:58:00,2022-04-29 09:17:55,,No,Yes,Nick,Call,AQ_9,684.0,0.0,,684.0,535.0,
GYB220207-4977-14110,US,aq-gyb-support-single-monthly, Support Single Device Monthly Subscription,2022-02-07,2022-03-07,1,2022-02-07 04:26:11,,,No,No,Jacob,Call,AQ_9,49.5,49.5,,99.0,,
GYB220207-8017-38112,US,aq-gyb-support-single-monthly, Support Single Device Monthly Subscription,2022-02-07,2022-03-07,1,2022-02-07 21:58:08,,,No,No,Esmee,Call,AQ_9,49.5,49.5,,99.0,,
GYB220207-3398-46122,US,aq-gyb-support-36-month-plan-hi, Support 36-month Plan,2022-02-07,,36,2022-02-07 23:34:41,,,No,No,Jules,Chat,AQ_9,684.0,0.0,,684.0,,
GYB220207-6501-53148,US,aq-gyb-support-multiple-monthly, Support Multiple Device Monthly Subscription,2022-02-07,,1,2022-02-08 02:54:34,,2023-10-07 14:05:03,No,No,,,,99.0,0.0,20.0,99.0,,498.99999999999983
GYB220208-5179-48103,US,aq-gyb-support-3-month-plan-lo, Support 3-month Plan,2022-02-08,2022-05-08,3,2022-02-08 10:20:53,,,No,No,Megan,Call,AQ_9,179.1,19.9,,199.0,,
GYB220208-1532-60120,US,aq-gyb-support-single-monthly, Support Single Device Monthly Subscription,2022-02-08,2022-03-08,1,2022-02-08 18:59:42,,,No,No,Esmee,Call,AQ_9,64.35,34.65,,99.0,,
GYB220208-1532-96132,US,aq-gyb-support-6-month-plan-hi, Support 6-month Plan,2022-02-08,2022-08-15,1,2022-02-08 20:26:14,,,No,No,Rinna,Chat,AQ_9,336.0,0.0,,336.0,,
GYB220208-9233-27117,US,aq-gyb-support-3-month-plan-lo, Support 3-month Plan,2022-02-08,2023-10-15,1,2022-02-08 20:33:22,,2023-09-10 16:32:12,No,No,Esmee,Call,AQ_9,139.3,59.7,17.0,199.0,,339.1499999999999
GYB220208-4977-27132,US,aq-gyb-support-multiple-monthly, Support Multiple Device Monthly Subscription,2022-02-08,2022-03-08,1,2022-02-08 21:25:05,,,No,No,Esmee,Call,AQ_25,64.35,34.65,,99.0,,
GYB220208-5179-29145,US,aq-gyb-support-single-monthly, Support Single Device Monthly Subscription,2022-02-08,2022-03-08,1,2022-02-08 22:22:51,,,No,No,Rinna,Chat,AQ_9,99.0,0.0,,99.0,,
GYB220209-8017-14101,US,aq-gyb-support-6-month-plan-lo, Support 6-month Plan,2022-02-09,2023-10-16,1,2022-02-09 04:19:13,,2023-09-09 11:19:24,No,No,Jules,Chat,AQ_9,199.2,49.8,14.0,249.0,,279.29999999999995
GYB220209-9233-48119,US,gyb-support-36-month-plan-hi, Support 36-month Plan,2022-02-09,,36,2022-02-09 04:42:35,,,No,No,Rodger,From Support,BF.Upgrade,478.8,205.2,,684.0,,
GYB220209-5179-18117,US,gyb-support-36-month-plan-hi, Support 36-month Plan,2022-02-09,2022-02-09,36,2022-02-09 04:59:37,2022-02-09 14:47:35,,No,Yes,Rodger,From Support,BF.Upgrade,684.0,0.0,,684.0,684.0,
GYB220209-8017-43125,CA,aq-gyb-support-24-month-plan-hi, Support 24-month Plan,2022-02-09,2022-03-14,24,2022-02-09 05:22:05,2022-03-14 12:05:25,,Yes,No,Rodger,Call,AQ_9,460.43,115.11,,575.54,428.67,
GYB220209-6501-27122,CA,aq-one-time-pc-support, Support One Time PC Support ,,,0,2022-02-09 21:41:47,,,No,No,Megan,Chat,AQ_9,111.74,37.25,,148.99,,
GYB220210-2756-95124,US,aq-gyb-support-36-month-plan-hi, Support 36-month Plan,2022-02-10,2025-02-10,36,2022-02-10 06:21:56,,,No,No,Nick,Call,AQ_9,684.0,0.0,,684.0,,
GYB220210-2092-53113,AU,aq-one-time-pc-support, Support One Time PC Support ,,,0,2022-02-10 15:48:48,,,No,No,Biby,Chat,AQ_9,149.11,0.0,,149.11,,
GYB220210-1833-24119,US,aq-one-time-pc-support, Support One Time PC Support ,,,0,2022-02-10 18:36:47,,,No,No,Esmee,Call,AQ_1,74.5,74.5,,149.0,,
GYB220210-4943-65122,US,aq-one-time-pc-support, Support One Time PC Support ,,,0,2022-02-10 18:52:15,,,No,No,Olivia,Chat,AQ_9,119.2,29.8,,149.0,,
GYB220210-1469-74113,US,aq-gyb-support-24-month-plan-hi, Support 24-month Plan,2022-02-10,2022-05-12,24,2022-02-10 22:37:25,,,No,No,Olivia,Chat,AQ_9,460.8,115.2,,576.0,,
GYB220210-3843-19147,US,aq-one-time-pc-support, Support One Time PC Support ,,,0,2022-02-10 23:05:27,,,No,No,Olivia,Chat,AQ_9,149.0,0.0,,149.0,,
GYB220210-5240-20112,US,aq-one-time-pc-support, Support One Time PC Support ,,,0,2022-02-10 23:54:16,,,No,No,Esmee,Call,AQ_9,149.0,0.0,,149.0,,
GYB220210-1469-55133,US,aq-gyb-support-single-monthly, Support Single Device Monthly Subscription,2022-02-10,2023-07-10,1,2022-02-11 00:45:17,,2023-06-10 12:01:28,No,No,Vicky,Call,AQ_9,64.35,34.65,16.0,99.0,,319.19999999999993
GYB220210-1230-62119,CA,aq-gyb-support-6-month-plan-hi, Support 6-month Plan,2022-02-10,2022-08-10,6,2022-02-11 00:48:55,,,No,No,Jayce,Call,AQ_1,268.95,67.24,,336.19,,
GYB220211-5240-78127,US,aq-gyb-support-24-month-plan-hi, Support 24-month Plan,2022-02-11,2024-02-11,24,2022-02-11 03:01:19,2022-03-21 11:12:20,,No,Yes,Megan,Chat,AQ_9,576.0,0.0,,576.0,426.0,
GYB220211-1469-20108,MT,aq-gyb-support-single-monthly, Support Single Device Monthly Subscription,2022-02-11,2022-08-18,1,2022-02-11 03:34:21,,2022-07-11 12:49:20,No,No,Megan,Chat,AQ_9,99.07,0.0,5.0,99.07,,95.53
GYB220211-1469-33138,AU,aq-gyb-support-36-month-plan-hi, Support 36-month Plan,2022-02-11,,36,2022-02-11 05:10:53,,,No,No,Vicky,Call,AQ_7,683.91,0.0,,683.91,,
GYB220211-3843-60119,US,aq-gyb-support-single-monthly, Support Single Device Monthly Subscription,2022-02-11,2022-03-11,1,2022-02-11 19:07:38,,,No,No,Jacob,Call,AQ_5,74.25,24.75,,99.0,,
GYB220211-1469-65159,US,aq-gyb-support-36-month-plan-hi, Support 36-month Plan,2022-02-11,2022-03-05,36,2022-02-11 19:59:25,2022-03-04 20:01:46,,Yes,No,Nick,Call,AQ_25,684.0,0.0,,684.0,684.0,
GYB220211-1469-74188,US,aq-gyb-support-3-month-plan-lo, Support 3-month Plan,2022-02-11,2022-05-11,3,2022-02-11 20:09:38,,,No,No,Jacob,Call,AQ_9,149.25,49.75,,199.0,,
GYB220211-3843-87152,US,aq-gyb-support-3-month-plan-lo, Support 3-month Plan,2022-02-11,2022-05-03,3,2022-02-11 22:36:46,,,No,No,Rodger,Call,AQ_9,159.2,39.8,,199.0,,
GYB220211-1596-92116,US,aq-one-time-pc-support, Support One Time PC Support ,,,0,2022-02-12 00:16:55,,,No,No,Biby,Chat,AQ_9,149.0,0.0,,149.0,,
GYB220211-6036-80122,US,aq-gyb-support-36-month-plan-hi, Support 36-month Plan,2022-02-11,,36,2022-02-12 00:20:38,,,No,No,Esmee,Call,AQ_1,581.4,102.6,,684.0,,
GYB220211-1596-53140,CA,aq-gyb-support-24-month-plan-hi, Support 24-month Plan,2022-02-11,,24,2022-02-12 02:27:41,,,No,No,Esmee,Call,AQ_1,576.0,0.0,,576.0,,
GYB220212-4018-47111,US,aq-gyb-support-12-month-plan-hi, Support 12-month Plan,2022-02-12,2023-02-12,12,2022-02-12 03:45:35,,,No,No,Rodger,Call,AQ_9,302.4,129.6,,432.0,,
GYB220212-5240-72122,US,aq-gyb-support-12-month-plan-hi, Support 12-month Plan,2022-02-12,2023-02-19,1,2022-02-12 05:22:59,,,No,No,Esmee,Call,AQ_9,324.0,108.0,,432.0,,
GYB220212-1230-50107,US,aq-gyb-support-single-monthly, Support Single Device Monthly Subscription,2022-02-12,2022-03-12,1,2022-02-12 07:43:02,,,No,No,Esmee,Call,AQ_9,49.5,49.5,,99.0,,
GYB220212-7843-92119,US,aq-one-time-pc-support, Support One Time PC Support ,,,0,2022-02-12 08:24:33,,,No,No,Biby,Chat,AQ_9,149.0,0.0,,149.0,,
GYB220212-4018-20134,IL,aq-gyb-support-single-monthly, Support Single Device Monthly Subscription,2022-02-12,2022-03-12,1,2022-02-12 17:48:48,,,No,No,Clary,Chat,AQ_9,99.0,0.0,,99.0,,
GYB220212-7843-23149,US,aq-gyb-support-6-month-plan-lo, Support 6-month Plan,2022-02-12,2022-11-19,1,2022-02-12 22:27:48,,2022-10-12 12:06:27,No,No,Esmee,Call,AQ_9,249.0,0.0,3.0,249.0,,59.849999999999994
GYB220212-1469-14155,US,aq-gyb-support-single-monthly, Support Single Device Monthly Subscription,2022-02-12,2022-03-19,1,2022-02-13 01:04:19,,,No,No,Jacob,Call,AQ_1,74.25,24.75,,99.0,,
GYB220213-5240-26132,US,aq-gyb-support-single-monthly, Support Single Device Monthly Subscription,2022-02-13,2022-02-14,1,2022-02-13 03:46:05,2022-02-14 14:39:59,,No,Yes,Esmee,Call,AQ_9,64.35,34.65,,99.0,64.35,
GYB220213-1469-14128,US,aq-gyb-support-12-month-plan-hi, Support 12-month Plan,2022-02-13,2023-02-13,12,2022-02-13 16:57:20,,,No,No,Jules,Chat,AQ_9,432.0,0.0,,432.0,,
GYB220213-6036-64129,US,aq-one-time-pc-support, Support One Time PC Support ,,,0,2022-02-13 19:05:45,,,No,No,Esmee,Call,AQ_9,74.5,74.5,,149.0,,
GYB220213-1230-82119,CA,aq-gyb-support-single-monthly, Support Single Device Monthly Subscription,2022-02-13,2022-03-13,1,2022-02-13 21:16:06,,,No,No,Jackie,Call,AQ_1,99.28,0.0,,99.28,,
GYB220213-1596-48133,US,aq-gyb-support-24-month-plan-hi, Support 24-month Plan,2022-02-13,,24,2022-02-13 22:34:23,,,No,No,Rodger,Call,AQ_9,576.0,0.0,,576.0,,
GYB220213-3843-45125,US,aq-gyb-support-36-month-plan-hi, Support 36-month Plan,2022-02-13,,36,2022-02-14 01:10:48,,,No,No,Olivia,Chat,AQ_9,684.0,0.0,,684.0,,
GYB220214-6036-72107,US,aq-one-time-pc-support, Support One Time PC Support ,,,0,2022-02-14 16:59:32,,,No,No,,,,96.85,52.15,,149.0,,
GYB220214-6036-21125,US,aq-gyb-support-36-month-plan-hi, Support 36-month Plan,2022-02-14,,36,2022-02-14 18:38:46,,,No,No,Jackie,Call,AQ_9,684.0,0.0,,684.0,,
GYB220214-1469-52121,US,aq-one-time-pc-support, Support One Time PC Support ,,,0,2022-02-15 01:18:17,,,No,No,Jules,Chat,AQ_9,149.0,0.0,,149.0,,
GYB220214-1469-56156,CA,aq-gyb-support-single-monthly, Support Single Device Monthly Subscription,2022-02-14,2022-03-14,1,2022-02-15 01:22:49,,,No,No,Jackie,Call,AQ_1,49.64,49.64,,99.28,,
GYB220215-1596-15110,US,aq-gyb-support-36-month-plan-hi, Support 36-month Plan,2022-02-15,2022-02-24,36,2022-02-15 20:03:24,2022-02-24 08:02:25,,Yes,No,Jayce,Call,AQ_9,684.0,0.0,,684.0,684.0,
GYB220215-1469-62125,US,aq-gyb-support-24-month-plan-hi, Support 24-month Plan,2022-02-15,,24,2022-02-15 22:28:32,2022-04-07 11:08:06,,No,Yes,Vicky,Call,AQ_9,576.0,0.0,,576.0,300.0,
GYB220215-5240-93129,CA,aq-gyb-support-single-monthly, Support Single Device Monthly Subscription,2022-02-15,2022-05-04,1,2022-02-16 00:42:50,,2022-04-15 11:27:21,No,No,Jackie,Call,AQ_1,49.61,49.61,2.0,99.22,,20.509999999999998
GYB220215-5240-75172,US,aq-one-time-pc-support, Support One Time PC Support ,,,0,2022-02-16 01:22:57,,,No,No,Rinna,Chat,AQ_9,149.0,0.0,,149.0,,
GYB220216-9780-48120,AU,aq-gyb-support-36-month-plan-hi, Support 36-month Plan,2022-02-16,,36,2022-02-16 04:34:33,,,No,No,Jackie,Call,AQ_7,683.38,0.0,,683.38,,
GYB220216-4018-97119,GB,aq-gyb-support-36-month-plan-hi, Support 36-month Plan,2022-02-16,,36,2022-02-16 19:26:51,,,No,No,Biby,Chat,AQ_9,683.77,0.0,,683.77,,
GYB220216-3843-67122,US,aq-one-time-pc-support, Support One Time PC Support ,,,0,2022-02-16 21:07:08,,,No,No,Esmee,Call,AQ_25,96.85,52.15,,149.0,,
GYB220217-8578-93123,US,aq-one-time-pc-support, Support One Time PC Support ,,,0,2022-02-17 03:14:16,,,No,No,Megan,Chat,PDFSuite.CTA,149.0,0.0,,149.0,,
GYB220217-1791-56133,CA,aq-gyb-support-24-month-plan-hi, Support 24-month Plan,2022-02-17,2022-08-10,24,2022-02-17 05:23:32,,,No,No,Vicky,Call,AQ_1,576.05,0.0,,576.05,,
GYB220217-9979-62120,US,aq-gyb-support-multiple-monthly, Support Multiple Device Monthly Subscription,2022-02-17,2022-08-24,1,2022-02-17 17:32:58,,2022-08-17 12:08:53,No,No,Rodger,Call,AQ_25,49.5,49.5,6.0,99.0,,74.82000000000001
GYB220217-2723-85130,US,aq-gyb-support-36-month-plan-hi, Support 36-month Plan,2022-02-17,,36,2022-02-17 18:07:48,,,No,No,Esmee,Call,AQ.Upgrade,615.6,68.4,,684.0,,
GYB220217-1324-81112,US,aq-gyb-support-12-month-plan-hi, Support 12-month Plan,2022-02-17,2022-02-28,12,2022-02-17 19:34:25,2022-02-28 13:32:31,,No,Yes,Olivia,Chat,AQ_9,432.0,0.0,,432.0,300.0,
GYB220217-1324-28136,US,aq-gyb-support-3-month-plan-lo, Support 3-month Plan,2022-02-17,2022-06-17,1,2022-02-17 21:38:47,,2022-05-17 11:06:09,No,No,Rodger,Call,AQ_9,139.3,59.7,1.0,199.0,,19.95
GYB220217-4827-85118,US,aq-one-time-pc-support, Support One Time PC Support ,,,0,2022-02-18 00:25:07,,,No,No,Jacob,Call,AQ_9,96.85,52.15,,149.0,,
GYB220217-4103-59140,PA,aq-gyb-support-12-month-plan-hi, Support 12-month Plan,2022-02-17,2022-03-18,12,2022-02-18 00:41:57,2022-03-18 11:23:47,,No,Yes,Nick,Call,AQ_9,432.0,0.0,,432.0,283.0,
GYB220217-7423-36114,US,aq-gyb-support-6-month-plan-lo, Support 6-month Plan,2022-02-17,2022-11-17,1,2022-02-18 01:47:20,,2022-10-17 11:37:54,No,No,Nick,Call,AQ_9,199.2,49.8,3.0,249.0,,59.849999999999994
GYB220218-1719-97110,US,aq-one-time-pc-support, Support One Time PC Support ,,,0,2022-02-18 06:33:46,,,No,No,Nick,Call,AQ_9,149.0,0.0,,149.0,,
GYB220218-8715-39126,US,aq-gyb-support-24-month-plan-hi, Support 24-month Plan,2022-02-18,2024-02-18,24,2022-02-18 17:02:48,,,No,No,Rodger,Call,AQ_1,576.0,0.0,,576.0,,
GYB220218-7311-61120,US,aq-gyb-support-12-month-plan-hi, Support 12-month Plan,2022-02-18,2023-02-18,12,2022-02-18 19:54:19,,,No,No,Rodger,From Support,AQ.Upgrade,302.4,129.6,,432.0,,
GYB220218-1719-79130,GB,gyb-support-36-month-plan, Support 36-month plan,2022-02-18,2022-08-03,1,2022-02-18 21:17:42,2022-03-13 12:25:52,2022-06-27 11:23:16,No,Yes,,,,575.56,0.0,3.0,575.56,372.83,57.77
GYB220218-6894-75107,US,aq-gyb-support-multiple-monthly, Support Multiple Device Monthly Subscription,2022-02-18,2022-05-25,1,2022-02-18 22:19:02,,2022-04-20 17:42:45,No,No,Rodger,Call,AQ_9,49.5,49.5,2.0,99.0,,24.94
GYB220218-6894-79140,US,aq-one-time-pc-support, Support One Time PC Support ,,,0,2022-02-18 23:42:46,,,No,No,Biby,Chat,AQ_9,149.0,0.0,,149.0,,
GYB220219-7341-65119,US,aq-gyb-support-36-month-plan-hi, Support 36-month Plan,2022-02-19,2025-02-19,36,2022-02-19 03:32:18,,,No,No,,,,547.2,136.8,,684.0,,
GYB220219-3437-51117,GB,aq-gyb-support-36-month-plan-hi, Support 36-month Plan,2022-02-19,,36,2022-02-19 17:44:49,,,No,No,Jackie,Call,AQ_9,683.91,0.0,,683.91,,
GYB220219-6643-67120,US,aq-gyb-support-12-month-plan-hi, Support 12-month Plan,2022-02-19,2022-03-01,12,2022-02-19 21:10:00,,,No,No,Jules,Chat,AQ_9,432.0,0.0,,432.0,,
GYB220219-6894-98116,US,aq-gyb-support-3-month-plan-lo, Support 3-month Plan,2022-02-19,2022-07-18,1,2022-02-19 22:00:32,,2022-06-19 12:01:53,No,No,Jackie,Call,AQ_9,159.2,39.8,2.0,199.0,,39.9
GYB220219-6643-41143,US,aq-gyb-support-single-monthly, Support Single Device Monthly Subscription,2022-02-19,2022-03-22,1,2022-02-19 22:47:16,,,No,No,Rodger,Call,AQ_9,84.15,14.85,,99.0,,
GYB220219-6344-17113,AU,aq-gyb-support-single-monthly, Support Single Device Monthly Subscription,2022-02-19,2022-03-19,1,2022-02-20 00:04:29,,,No,No,Rodger,Call,AQ_7,84.24,14.87,,99.11,,
GYB220219-6643-35171,US,aq-one-time-pc-support, Support One Time PC Support ,,,0,2022-02-20 01:05:01,,,No,No,Ruby,Chat,AQ_9,149.0,0.0,,149.0,,
GYB220220-6894-63128,US,aq-one-time-pc-support, Support One Time PC Support ,,,0,2022-02-20 20:42:21,,,No,No,,,,149.0,0.0,,149.0,,
GYB220220-7341-39112,AU,aq-one-time-pc-support, Support One Time PC Support ,,,0,2022-02-20 23:06:15,,,No,No,Jackie,Call,AQ_7,74.67,74.67,,149.34,,
GYB220220-6894-55191,US,gyb-support-36-month-plan, Support 36-month plan,2022-02-20,,36,2022-02-21 02:15:25,,,No,No,Rodger,Call,BF.Upgrade,576.0,0.0,,576.0,,
GYB220220-6344-60136,US,aq-one-time-pc-support, Support One Time PC Support ,,,0,2022-02-21 02:21:09,,,No,No,Jules,Chat,AQ_9,119.2,29.8,,149.0,,
GYB220221-6643-26110,US,aq-gyb-support-single-monthly, Support Single Device Monthly Subscription,2022-02-21,2022-03-21,1,2022-02-21 05:13:13,,,No,No,Rodger,Call,AQ_9,49.5,49.5,,99.0,,
GYB220221-9523-16124,AU,aq-gyb-support-12-month-plan-hi, Support 12-month Plan,2022-02-21,2023-03-21,1,2022-02-21 07:18:29,,2023-02-21 11:08:38,No,No,Rodger,Call,AQ_7,302.56,129.67,1.0,432.23,,19.28
GYB220221-3925-60124,US,aq-gyb-support-single-monthly, Support Single Device Monthly Subscription,2022-02-21,2022-03-21,1,2022-02-21 17:09:04,,,No,No,,,,49.5,49.5,,99.0,,
GYB220221-9523-20157,US,aq-gyb-support-36-month-plan-hi, Support 36-month Plan,2022-02-21,,36,2022-02-21 20:38:21,2022-02-25 16:45:46,,No,Yes,,,,581.4,102.6,,684.0,500.0,
GYB220221-3925-93142,US,aq-one-time-pc-support, Support One Time PC Support ,,,0,2022-02-21 20:52:26,,,No,No,,,,74.5,74.5,,149.0,,
GYB220221-7341-37129,US,aq-gyb-support-36-month-plan-hi, Support 36-month Plan,2022-02-21,2025-02-21,36,2022-02-21 21:33:16,,,No,No,,,,684.0,0.0,,684.0,,
GYB220221-3437-92119,US,aq-one-time-pc-support, Support One Time PC Support ,,,0,2022-02-22 00:51:59,,,No,No,Vicky,Call,AQ_1,74.5,74.5,,149.0,,
GYB220222-3925-65102,US,aq-gyb-support-36-month-plan-hi, Support 36-month Plan,2022-02-22,2022-04-04,36,2022-02-22 03:16:26,2022-04-04 10:03:17,,No,Yes,,,,513.0,171.0,,684.0,513.0,
GYB220222-6643-85114,AU,aq-gyb-support-12-month-plan-hi, Support 12-month Plan,2022-02-22,2023-02-22,12,2022-02-22 05:55:28,,,No,No,,,,432.2,0.0,,432.2,,
GYB220222-3925-33137,US,aq-gyb-support-3-month-plan-lo, Support 3-month Plan,2022-02-22,2022-05-29,1,2022-02-22 08:03:42,,,No,No,Keira,Chat,AQ_21,199.0,0.0,,199.0,,
GYB220222-3437-47118,US,aq-gyb-support-12-month-plan, Support 12-month plan,2022-02-22,2023-03-22,1,2022-02-22 17:58:51,,2023-02-22 12:21:36,No,No,,,,285.6,50.4,1.0,336.0,,19.95
GYB220222-6643-83126,CA,aq-gyb-support-single-monthly, Support Single Device Monthly Subscription,2022-02-22,2022-03-22,1,2022-02-22 21:20:45,2022-05-05 05:24:23,,Yes,No,,,,99.22,0.0,,99.22,92.61,
GYB220222-1825-75144,CA,aq-one-time-pc-support, Support One Time PC Support ,,,0,2022-02-22 22:18:40,,,No,No,,,,111.9,37.3,,149.2,,
GYB220222-7341-41104,CA,aq-gyb-support-multiple-monthly, Support Multiple Device Monthly Subscription,2022-02-22,2022-03-22,1,2022-02-22 23:28:02,,,No,No,Rodger,Call,AQ_1,99.22,0.0,,99.22,,
GYB220222-6643-97159,US,aq-gyb-support-multiple-monthly, Support Multiple Device Monthly Subscription,2022-02-22,2022-02-22,1,2022-02-23 00:57:31,,,No,No,Nick,From Support,ByteFence.CTA,64.35,34.65,,99.0,,
GYB220222-6643-97159,US,aq-gyb-support-multiple-monthly, Support Multiple Device Monthly Subscription,2022-02-22,2022-02-22,1,2022-02-23 00:57:31,,,No,No,,,,64.35,34.65,,99.0,,
GYB220222-3925-79198,GB,aq-gyb-support-12-month-plan-hi, Support 12-month Plan,2022-02-22,2023-02-22,12,2022-02-23 01:20:57,,,No,No,,,,432.46,0.0,,432.46,,
GYB220222-3437-12141,US,aq-gyb-support-single-monthly, Support Single Device Monthly Subscription,2022-02-22,2022-03-22,1,2022-02-23 02:16:11,,,No,No,,,,49.5,49.5,,99.0,,
GYB220223-6894-83113,US,aq-gyb-support-12-month-plan-hi, Support 12-month Plan,2022-02-23,2022-08-24,12,2022-02-23 22:05:50,,,No,No,,,,432.0,0.0,,432.0,,
GYB220223-7341-49130,US,aq-gyb-support-multiple-monthly, Support Multiple Device Monthly Subscription,2022-02-23,2022-05-30,1,2022-02-23 23:12:52,,2022-04-23 13:02:47,No,No,Rodger,Call,AQ_9,49.5,49.5,2.0,99.0,,24.94
GYB220224-6344-94127,US,aq-gyb-support-12-month-plan-hi, Support 12-month Plan,2022-02-24,2022-12-09,12,2022-02-24 03:32:47,,,No,No,,,,324.0,108.0,,432.0,,
GYB220224-9523-71127,US,aq-one-time-pc-support, Support One Time PC Support ,,,0,2022-02-24 05:05:49,,,No,No,,,,96.85,52.15,,149.0,,
GYB220224-3437-55128,CA,aq-gyb-support-6-month-plan-lo, Support 6-month Plan,2022-02-24,2022-10-24,1,2022-02-24 20:25:09,,2022-09-24 13:58:00,No,No,Ruby,Ticket,AQ_21,249.42,0.0,2.0,249.42,,39.22
GYB220224-7955-11142,CA,aq-one-time-pc-support, Support One Time PC Support ,,,0,2022-02-25 01:10:04,,,No,No,,,,74.68,74.68,,149.36,,
GYB220225-6849-52135,US,aq-gyb-support-single-monthly, Support Single Device Monthly Subscription,2022-02-25,,1,2022-02-25 19:11:29,,2023-09-25 12:34:56,No,No,Jackie,Call,AQ_9,49.5,49.5,19.0,99.0,,189.43
GYB220226-3969-68106,US,aq-one-time-pc-support, Support One Time PC Support ,,,0,2022-02-26 17:49:22,,,No,No,Vicky,Call,AQ_9,74.5,74.5,,149.0,,
GYB220227-6206-73123,US,aq-gyb-support-36-month-plan-hi, Support 36-month Plan,2022-02-27,2025-02-27,36,2022-02-27 03:11:12,,,No,No,Jules,Chat,AQ_9,684.0,0.0,,684.0,,
GYB220227-3240-47111,GB,aq-one-time-pc-support, Support One Time PC Support ,,,0,2022-02-27 10:10:56,,,No,No,,,,149.8,0.0,,149.8,,
GYB220227-6206-97164,US,aq-one-time-pc-support, Support One Time PC Support ,,,0,2022-02-27 22:08:51,,,No,No,,,,149.0,0.0,,149.0,,
GYB220227-3969-54123,US,gyb-support-36-month-plan-hi, Support 36-month Plan,2022-02-27,,36,2022-02-27 23:38:06,,,No,No,,,,547.2,136.8,,684.0,,
GYB220228-6206-73107,US,aq-gyb-support-12-month-plan-hi, Support 12-month Plan,2022-02-28,2025-08-08,12,2022-02-28 19:20:05,,,No,No,,,,302.4,129.6,,432.0,,
GYB220228-5377-43114,GB,aq-gyb-support-3-month-plan-lo, Support 3-month Plan,2022-02-28,2022-06-11,3,2022-03-01 00:16:51,,,No,No,Keira,Chat,AQ_21,199.56,0.0,,199.56,,
GYB220228-6849-15105,CA,aq-gyb-support-12-month-plan-hi, Support 12-month Plan,2022-02-28,2023-03-08,12,2022-03-01 00:23:34,,,No,No,,,,302.58,129.68,,432.26,,
GYB220301-3969-41127,US,aq-gyb-support-36-month-plan-hi, Support 36-month Plan,2022-03-01,,36,2022-03-01 09:36:33,,,No,No,Jules,Chat,AQ_9,684.0,0.0,,684.0,,
GYB220301-6206-89120,IL,one-time-pc-support, Support One Time PC Support ,,,0,2022-03-01 14:22:27,,,No,No,Jules,Chat,AQ_9,149.0,0.0,,149.0,,
GYB220301-3240-50125,CA,aq-gyb-support-single-monthly, Support Single Device Monthly Subscription,2022-03-01,,1,2022-03-01 20:47:42,,2023-10-01 12:01:41,No,No,Jackie,Call,AQ.Upgrade,99.26,0.0,17.0,99.26,,333.92
GYB220302-5377-65116,US,aq-gyb-support-3-month-plan-lo, Support 3-month Plan,2022-03-02,2022-09-09,1,2022-03-02 04:13:44,,2022-08-02 15:17:00,No,No,Keira,Chat,AQ_21,199.0,0.0,3.0,199.0,,59.849999999999994
GYB220302-3240-59133,US,aq-gyb-support-36-month-plan-hi, Support 36-month Plan,2022-03-02,2027-07-10,36,2022-03-02 17:55:07,,,No,No,Rodger,From Support,BF.Upgrade,478.8,205.2,,684.0,,
GYB220303-7835-78112,SG,aq-gyb-support-36-month-plan-hi, Support 36-month Plan,2022-03-03,2025-03-03,36,2022-03-03 16:29:22,,,No,No,,,,580.85,102.5,,683.35,,
GYB220303-5377-72116,US,aq-one-time-pc-support, Support One Time PC Support ,,,0,2022-03-03 23:39:31,,,No,No,,,,149.0,0.0,,149.0,,
GYB220304-6849-18122,US,aq-one-time-pc-support, Support One Time PC Support ,,,0,2022-03-04 19:43:08,2022-03-04 16:11:00,,No,Yes,Jackie,Call,AQ_25,111.75,37.25,,149.0,111.75,
GYB220304-7955-24111,US,aq-one-time-pc-support, Support One Time PC Support ,,,0,2022-03-04 23:39:48,,,No,No,Jackie,Call,AQ_9,96.85,52.15,,149.0,,
GYB220304-5377-70126,US,aq-gyb-support-3-month-plan-lo, Support 3-month Plan,2022-03-04,2023-06-04,1,2022-03-05 02:09:08,,2023-05-04 11:10:33,No,No,Jackie,Call,AQ_9,149.25,49.75,12.0,199.0,,239.39999999999995
GYB220304-3969-90145,US,aq-gyb-support-12-month-plan-hi, Support 12-month Plan,2022-03-04,2023-10-13,1,2022-03-05 02:41:44,,2023-10-04 12:42:44,No,No,Jules,Chat,AQ_9,345.6,86.4,8.0,432.0,,159.6
GYB220305-3969-90131,US,aq-one-time-pc-support, Support One Time PC Support ,,,0,2022-03-05 22:32:10,,,No,No,,,,149.0,0.0,,149.0,,
GYB220306-6206-92115,US,aq-one-time-pc-support, Support One Time PC Support ,,,0,2022-03-06 16:08:15,,,No,No,,,,149.0,0.0,,149.0,,
GYB220306-7835-66111,US,aq-gyb-support-3-month-plan-lo, Support 3-month Plan,2022-03-06,2022-08-06,1,2022-03-06 23:20:16,,2022-07-06 12:28:52,No,No,Keira,Chat,AQ_21,199.0,0.0,2.0,199.0,,39.9
GYB220306-5675-78115,US,aq-gyb-support-multiple-monthly, Support Multiple Device Monthly Subscription,2022-03-06,2022-03-14,1,2022-03-07 02:10:58,,,No,No,Vicky,Call,AQ_9,79.2,19.8,,99.0,,
GYB220307-6206-11131,US,aq-gyb-support-36-month-plan-hi, Support 36-month Plan,2022-03-07,,36,2022-03-07 04:48:42,,,No,No,Jules,Chat,AQ_9,684.0,0.0,,684.0,,
GYB220307-3969-17116,US,aq-gyb-support-36-month-plan-hi, Support 36-month Plan,2022-03-07,2022-04-11,36,2022-03-07 15:12:49,2022-04-11 10:41:35,,No,Yes,,,,684.0,0.0,,684.0,535.0,
GYB220307-3969-71174,US,aq-gyb-support-12-month-plan-hi, Support 12-month Plan,2022-03-07,,1,2022-03-08 02:25:07,,2023-10-07 13:48:39,No,No,,,,432.0,0.0,8.0,432.0,,159.6
GYB220308-5675-30119,US,aq-gyb-support-12-month-plan-hi, Support 12-month Plan,2022-03-08,2023-05-08,1,2022-03-08 04:20:05,,2023-04-08 12:05:51,No,No,,,,432.0,0.0,2.0,432.0,,39.9
GYB220308-5675-46158,US,aq-one-time-pc-support, Support One Time PC Support ,,,0,2022-03-08 07:37:29,,,No,No,Jackie,Call,AQ_9,96.85,52.15,,149.0,,
GYB220308-7955-34117,US,aq-one-time-pc-support, Support One Time PC Support ,,,0,2022-03-08 17:15:51,,,No,No,,,,149.0,0.0,,149.0,,
GYB220308-5377-94125,CA,aq-gyb-support-12-month-plan-hi, Support 12-month Plan,2022-03-08,2023-03-15,1,2022-03-08 18:02:16,,,No,No,,,,323.66,107.89,,431.55,,
GYB220308-5837-29131,UA,aq-gyb-support-12-month-plan, Support 12-month plan,2022-03-08,,1,2022-03-08 19:39:07,,2022-03-08 19:47:12,No,No,,,,336.0,0.0,1.0,336.0,,19.95
GYB220308-5675-51176,US,aq-gyb-support-single-monthly, Support Single Device Monthly Subscription,2022-03-08,,1,2022-03-08 20:32:42,,2023-10-08 12:50:44,No,No,,,,79.2,19.8,19.0,99.0,,379.0499999999999
GYB220309-7835-43137,US,aq-one-time-pc-support, Support One Time PC Support ,,,0,2022-03-09 20:07:07,,,No,No,Jackie,Call,AQ_9,96.85,52.15,,149.0,,
GYB220309-5377-23103,US,aq-gyb-support-36-month-plan-hi, Support 36-month Plan,2022-03-09,,36,2022-03-09 20:30:33,,,No,No,Rodger,Call,AQ_9,513.0,171.0,,684.0,,
GYB220309-7835-25156,US,aq-gyb-support-multiple-monthly, Support Multiple Device Monthly Subscription,2022-03-09,2022-07-09,1,2022-03-09 20:55:08,,2022-06-09 12:50:04,No,No,Jules,Chat,AQ_9,99.0,0.0,3.0,99.0,,74.85
GYB220309-7955-90110,US,aq-gyb-support-single-monthly, Support Single Device Monthly Subscription,2022-03-09,2022-06-03,1,2022-03-09 21:46:09,,2022-05-09 14:35:50,No,No,Rodger,Call,AQ_9,49.5,49.5,2.0,99.0,,19.94
GYB220309-6206-26109,PR,aq-gyb-support-12-month-plan-hi, Support 12-month Plan,2022-03-09,2023-06-16,1,2022-03-09 22:52:37,,2023-05-09 13:22:02,No,No,Jules,Chat,AQ_9,432.0,0.0,3.0,432.0,,59.849999999999994
GYB220309-7955-91130,US,aq-gyb-support-12-month-plan-hi, Support 12-month Plan,2022-03-09,2023-03-09,12,2022-03-09 23:23:32,,,No,No,,,,432.0,0.0,,432.0,,
GYB220309-7835-70196,US,aq-gyb-support-36-month-plan, Support 36-month plan,2022-03-09,,36,2022-03-10 01:22:44,,,No,No,Rodger,Call,AQ.Upgrade,576.0,0.0,,576.0,,
GYB220309-5377-12149,US,aq-gyb-support-12-month-plan-hi, Support 12-month Plan,2022-03-09,,12,2022-03-10 02:38:10,,,No,No,,,,302.4,129.6,,432.0,,
GYB220310-3969-28120,US,aq-gyb-support-single-monthly, Support Single Device Monthly Subscription,2022-03-10,2022-05-24,1,2022-03-10 07:35:46,,2022-05-10 14:41:33,No,No,Nick,From Support,ByteFence.CTA,99.0,0.0,2.0,99.0,,39.9
GYB220310-7835-69114,US,aq-gyb-support-single-monthly, Support Single Device Monthly Subscription,2022-03-10,2022-04-10,1,2022-03-10 19:14:17,,,No,No,,,,64.35,34.65,,99.0,,
GYB220310-3240-23126,US,aq-gyb-support-36-month-plan-hi, Support 36-month Plan,2022-03-10,,36,2022-03-10 22:34:33,,,No,No,,,,684.0,0.0,,684.0,,
GYB220310-3240-37168,CA,aq-gyb-support-single-monthly, Support Single Device Monthly Subscription,2022-03-10,2022-03-22,1,2022-03-11 00:15:08,,,No,No,Rodger,Call,AQ_1,84.33,14.88,,99.21,,
GYB220311-7311-68115,US,aq-gyb-support-single-monthly, Support Single Device Monthly Subscription,2022-03-11,2022-04-11,1,2022-03-11 06:03:49,,,No,No,Rodger,Call,AQ_9,49.5,49.5,,99.0,,
GYB220311-6876-33119,US,aq-gyb-support-12-month-plan-hi, Support 12-month Plan,2022-03-11,2023-03-18,1,2022-03-11 20:49:29,,,No,No,,,,324.0,108.0,,432.0,,
GYB220311-6876-90159,US,aq-gyb-support-36-month-plan-hi, Support 36-month Plan,2022-03-11,,36,2022-03-11 20:56:42,,,No,No,,,,684.0,0.0,,684.0,,
GYB220311-6876-27174,US,aq-gyb-support-12-month-plan-hi, Support 12-month Plan,2022-03-11,2023-03-11,12,2022-03-11 23:12:58,,,No,No,,,,302.4,129.6,,432.0,,
GYB220312-8911-80109,GB,aq-one-time-pc-support, Support One Time PC Support ,,,0,2022-03-12 14:28:38,,,No,No,,,,149.29,0.0,,149.29,,
GYB220312-8911-53140,US,aq-gyb-support-single-monthly, Support Single Device Monthly Subscription,2022-03-12,2022-04-11,1,2022-03-12 19:05:58,,,No,No,,,,64.35,34.65,,99.0,,
GYB220312-7871-21132,CA,aq-gyb-support-single-monthly, Support Single Device Monthly Subscription,2022-03-12,2022-04-12,1,2022-03-12 20:11:28,,,No,No,,,,64.43,34.69,,99.12,,
GYB220312-7910-19108,US,aq-one-time-pc-support, Support One Time PC Support ,,,0,2022-03-13 01:24:23,,,No,No,,,,149.0,0.0,,149.0,,
GYB220312-7311-15116,US,aq-gyb-support-12-month-plan-hi, Support 12-month Plan,2022-03-12,,1,2022-03-13 01:49:17,,2023-10-12 13:04:35,No,No,,,,432.0,0.0,8.0,432.0,,159.6
GYB220313-3044-21132,US,aq-gyb-support-12-month-plan-hi, Support 12-month Plan,2022-03-13,,1,2022-03-13 05:10:29,,2023-09-22 15:48:55,No,No,Vicky,Call,AQ_9,432.0,0.0,1.0,432.0,,19.95
GYB220313-7311-69134,US,aq-gyb-support-36-month-plan-hi, Support 36-month Plan,2022-03-13,,36,2022-03-13 20:11:13,,,No,No,,,,684.0,0.0,,684.0,,
GYB220313-8911-62133,GB,aq-gyb-support-single-monthly, Support Single Device Monthly Subscription,2022-03-13,2022-04-13,1,2022-03-13 21:31:47,,,No,No,,,,49.8,49.8,,99.6,,
GYB220313-7311-52163,US,aq-gyb-support-single-monthly, Support Single Device Monthly Subscription,2022-03-13,2022-04-13,1,2022-03-13 23:51:45,,,No,No,,,,64.35,34.65,,99.0,,
GYB220313-7871-16146,US,gotyourback-support-6-month-plan, Support 6-month plan,,,0,2022-03-14 01:40:38,,,No,No,,,,199.0,19.95,,218.95,,
GYB220314-6422-50130,US,aq-gyb-support-3-month-plan-lo, Support 3-month Plan,2022-03-14,2022-08-14,1,2022-03-14 04:35:58,,2022-07-14 11:26:14,No,No,Keira,Chat,AQ_21,199.0,0.0,2.0,199.0,,39.9
GYB220314-7910-44104,US,aq-gyb-support-12-month-plan, Support 12-month plan,2022-03-14,,1,2022-03-14 19:19:51,,2023-10-14 13:08:38,No,No,Rodger,Call,AQ_9,235.2,100.8,8.0,336.0,,159.6
GYB220314-7311-89114,US,aq-one-time-pc-support, Support One Time PC Support ,,,0,2022-03-14 21:04:00,,,No,No,Rodger,Call,AQ_9,149.0,0.0,,149.0,,
GYB220315-3044-51110,US,aq-one-time-pc-support, Support One Time PC Support ,,,0,2022-03-15 03:16:30,,,No,No,,,,149.0,0.0,,149.0,,
GYB220315-7477-94120,ZA,aq-one-time-pc-support, Support One Time PC Support ,,,0,2022-03-15 12:03:15,,,No,No,,,,149.0,0.0,,149.0,,
GYB220315-3044-50134,US,aq-gyb-support-6-month-plan-lo, Support 6-month Plan,2022-03-15,2022-06-03,6,2022-03-15 16:36:40,,,No,No,Ruby,Ticket,AQ_21,249.0,0.0,,249.0,,
GYB220315-7871-53127,US,aq-gyb-support-36-month-plan-hi, Support 36-month Plan,2022-03-15,,36,2022-03-15 19:51:42,,,No,No,Jackie,Call,AQ_9,581.4,102.6,,684.0,,
GYB220315-3044-57179,US,aq-gyb-support-12-month-plan-hi, Support 12-month Plan,2022-03-15,2022-05-02,12,2022-03-15 22:47:41,2022-05-02 10:46:53,,No,Yes,Jules,Chat,AQ_9,432.0,0.0,,432.0,432.0,
GYB220315-2559-11126,US,aq-gyb-support-single-monthly, Support Single Device Monthly Subscription,2022-03-15,2022-04-14,1,2022-03-16 02:54:55,,,No,No,,,,99.0,0.0,,99.0,,
GYB220316-3044-53129,US,aq-gyb-support-36-month-plan-hi, Support 36-month Plan,2022-03-16,2022-03-18,36,2022-03-16 17:14:26,2022-03-18 13:34:08,,No,Yes,Vicky,Call,AQ_9,684.0,0.0,,684.0,684.0,
GYB220316-2559-24124,US,aq-gyb-support-24-month-plan-hi, Support 24-month Plan,2022-03-16,,24,2022-03-16 20:17:52,,,No,No,Rinna,Chat,AQ_9,576.0,0.0,,576.0,,
GYB220316-7871-56152,US,aq-one-time-pc-support, Support One Time PC Support ,,,0,2022-03-16 23:50:38,,,No,No,Jackie,Call,AQ_25,96.85,52.15,,149.0,,
GYB220316-7477-67124,US,aq-gyb-support-36-month-plan-hi, Support 36-month Plan,2022-03-16,,36,2022-03-17 01:43:44,,,No,No,Jules,Chat,AQ_9,684.0,0.0,,684.0,,
GYB220317-7910-35122,CA,aq-gyb-support-6-month-plan, Support 6-month plan,2022-03-17,2023-04-17,1,2022-03-17 04:36:16,,2023-03-17 14:11:57,No,No,Rodger,Call,AQ_1,134.43,57.61,7.0,192.04000000000002,,134.62
GYB220317-8911-29119,US,aq-gyb-support-12-month-plan-hi, Support 12-month Plan,2022-03-17,2023-04-24,1,2022-03-17 17:18:44,,2023-03-17 14:28:13,No,No,,,,432.0,0.0,1.0,432.0,,19.95
GYB220317-2559-72126,US,aq-gyb-support-36-month-plan-hi, Support 36-month Plan,2022-03-17,,36,2022-03-18 01:44:14,,,No,No,,,,684.0,0.0,,684.0,,
GYB220318-2559-54136,US,aq-gyb-support-12-month-plan-hi, Support 12-month Plan,2022-03-18,2023-03-18,12,2022-03-18 21:11:51,,,No,No,,,,345.6,86.4,,432.0,,
GYB220318-3044-81133,US,aq-one-time-pc-support, Support One Time PC Support ,,,0,2022-03-18 21:30:38,,,No,No,,,,149.0,0.0,,149.0,,
GYB220318-7477-36126,US,aq-gyb-support-36-month-plan-hi, Support 36-month Plan,2022-03-18,,36,2022-03-19 02:32:30,,,No,No,,,,684.0,0.0,,684.0,,
GYB220319-3044-54117,US,aq-one-time-pc-support, Support One Time PC Support ,,,0,2022-03-19 16:03:30,,,No,No,,,,104.3,44.7,,149.0,,
GYB220319-2559-14135,US,aq-gyb-support-36-month-plan-hi, Support 36-month Plan,2022-03-19,2025-03-19,36,2022-03-19 18:37:12,,,No,No,,,,684.0,0.0,,684.0,,
GYB220319-2559-92174,IL,aq-gyb-support-12-month-plan-hi, Support 12-month Plan,2022-03-19,2023-03-26,1,2022-03-19 19:02:48,,,No,No,,,,432.0,0.0,,432.0,,
GYB220319-3588-98121,UA,gotyourback-support-12-month-plan, Support 12-month plan,,,0,2022-03-19 22:28:50,,,No,No,,,,299.0,19.95,,318.95,,
GYB220319-3588-83135,UA,gotyourback-support-12-month-plan, Support 12-month plan,,,0,2022-03-19 22:36:39,,,No,No,,,,299.0,19.95,,318.95,,
GYB220319-3588-53150,UA,gotyourback-support-24-month-plan, Support 24-month plan,,,0,2022-03-19 22:40:33,,,No,No,,,,399.0,19.95,,418.95,,
GYB220319-3588-96171,UA,gotyourback-support-24-month-plan, Support 24-month plan,,,0,2022-03-19 22:46:22,,,No,No,,,,399.0,19.95,,418.95,,
GYB220319-3588-98185,UA,gotyourback-support-24-month-plan, Support 24-month plan,,,0,2022-03-19 22:50:06,,,No,No,,,,399.0,19.95,,418.95,,
GYB220319-3588-69199,UA,gotyourback-support-24-month-plan, Support 24-month plan,,,0,2022-03-19 22:57:22,,,No,No,,,,399.0,19.95,,418.95,,
GYB220319-7477-26118,US,aq-gyb-support-36-month-plan-hi, Support 36-month Plan,2022-03-19,2025-03-19,36,2022-03-19 23:17:36,,,No,No,,,,684.0,0.0,,684.0,,
GYB220319-3588-93223,UA,gotyourback-support-24-month-plan, Support 24-month plan,,,0,2022-03-19 23:19:02,,,No,No,,,,399.0,19.95,,418.95,,
GYB220319-3588-77240,UA,gotyourback-support-24-month-plan, Support 24-month plan,,,0,2022-03-19 23:21:56,2022-03-20 06:47:14,,No,Yes,,,,399.0,19.95,,418.95,399.0,
GYB220319-3588-94264,UA,gotyourback-support-24-month-plan, Support 24-month plan,,,0,2022-03-19 23:32:33,2022-03-20 06:37:55,,No,Yes,,,,399.0,19.95,,418.95,399.0,
GYB220319-8911-82128,US,aq-gyb-support-6-month-plan-lo, Support 6-month Plan,2022-03-19,2022-09-19,6,2022-03-19 23:41:42,,,No,No,Ruby,Ticket,AQ_21,186.75,62.25,,249.0,,
GYB220319-3588-82300,UA,gotyourback-support-12-month-plan, Support 12-month plan,,,0,2022-03-19 23:57:01,2022-03-20 06:21:18,,No,Yes,,,,299.0,19.95,,318.95,299.0,
GYB220320-8911-47122,US,aq-one-time-pc-support, Support One Time PC Support ,,,0,2022-03-20 03:28:36,,,No,No,,,,149.0,0.0,,149.0,,
GYB220320-3044-85111,AU,aq-gyb-support-36-month-plan-hi, Support 36-month Plan,2022-03-20,,36,2022-03-20 05:44:28,,,No,No,,,,683.76,0.0,,683.76,,
GYB220320-3588-47137,UA,gotyourback-support-12-month-plan, Support 12-month plan,,,0,2022-03-20 13:48:52,2022-03-20 06:50:12,,No,Yes,,,,299.0,19.95,,318.95,299.0,
GYB220320-3588-60157,UA,gotyourback-support-24-month-plan, Support 24-month plan,,,0,2022-03-20 14:01:45,2022-03-20 07:02:06,,No,Yes,,,,399.0,19.95,,418.95,399.0,
GYB220320-3588-72169,UA,gotyourback-support-12-month-plan, Support 12-month plan,,,0,2022-03-20 14:26:09,2022-03-20 07:50:58,,No,Yes,,,,299.0,19.95,,318.95,299.0,
GYB220320-2559-75114,GB,aq-gyb-support-24-month-plan-hi, Support 24-month Plan,2022-03-20,,24,2022-03-20 20:10:49,,,No,No,Ruby,Chat,AQ_9,575.51,0.0,,575.51,,
GYB220321-2559-12110,US,aq-gyb-support-24-month-plan-hi, Support 24-month Plan,2022-03-21,,24,2022-03-21 03:18:13,,,No,No,Kinder,Chat,AQ_9,576.0,0.0,,576.0,,
GYB220321-2559-12110,US,aq-gyb-support-24-month-plan-hi, Support 24-month Plan,2022-03-21,,24,2022-03-21 03:18:13,,,No,No,Megan,Chat,PDFSuite.CTA,576.0,0.0,,576.0,,
GYB220321-6422-62105,US,aq-gyb-support-single-monthly, Support Single Device Monthly Subscription,2022-03-21,2023-05-21,1,2022-03-21 05:32:52,,2023-04-21 13:19:20,No,No,,,,49.5,49.5,13.0,99.0,,129.61
GYB220321-8911-85117,CA,aq-gyb-support-12-month-plan-hi, Support 12-month Plan,2022-03-21,2023-03-28,1,2022-03-21 07:15:30,,,No,No,,,,345.52,86.38,,431.9,,
GYB220321-7477-75133,US,aq-gyb-support-3-month-plan-lo, Support 3-month Plan,2022-03-21,2022-09-21,1,2022-03-21 18:35:29,,2022-08-21 12:07:44,No,No,Jules,Chat,AQ_9,159.2,39.8,3.0,199.0,,59.849999999999994
GYB220321-6876-69144,CA,aq-gyb-support-36-month-plan, Support 36-month plan,2022-03-21,2025-03-21,36,2022-03-21 20:26:46,,,No,No,Rodger,Call,AQ.Upgrade,460.69,115.17,,575.86,,
GYB220321-8911-82143,US,aq-gyb-support-24-month-plan, Support 24-month plan,2022-03-21,2024-03-21,24,2022-03-21 21:30:42,,,No,No,Rodger,Call,AQ.Upgrade,302.4,129.6,,432.0,,
GYB220321-6422-79117,GB,aq-gyb-support-3-month-plan-lo, Support 3-month Plan,2022-03-21,2022-05-29,3,2022-03-21 21:58:23,,,No,No,Jules,Chat,AQ_9,159.39,39.85,,199.23999999999998,,
GYB220321-7871-31130,US,aq-gyb-support-multiple-monthly, Support Multiple Device Monthly Subscription,2022-03-21,2022-04-21,1,2022-03-21 23:59:39,,,No,No,Rodger,Call,AQ_9,49.5,49.5,,99.0,,
GYB220321-3044-31104,US,aq-gyb-support-12-month-plan-hi, Support 12-month Plan,2022-03-21,2022-04-04,12,2022-03-22 00:04:58,2022-04-04 14:36:50,,No,Yes,,,,345.6,86.4,,432.0,345.6,
GYB220322-6876-72112,US,aq-gyb-support-12-month-plan-hi, Support 12-month Plan,2022-03-22,2023-03-29,1,2022-03-22 10:03:47,,,No,No,,,,302.23,129.53,,431.76,,
GYB220322-3044-14111,US,aq-gyb-support-3-month-plan-lo, Support 3-month Plan,2022-03-22,2022-06-22,3,2022-03-22 18:38:15,,,No,No,Keira,Chat,AQ_21,199.0,0.0,,199.0,,
GYB220322-8911-44118,US,aq-one-time-pc-support, Support One Time PC Support ,,,0,2022-03-22 19:50:01,,,No,No,Vicky,Call,AQ_9,74.5,74.5,,149.0,,
GYB220322-7871-42114,US,aq-gyb-support-single-monthly, Support Single Device Monthly Subscription,2022-03-22,2022-03-25,1,2022-03-23 01:36:39,2022-03-25 11:19:03,,Yes,No,Rodger,Call,AQ_9,99.0,0.0,,99.0,99.0,
GYB220323-6422-45118,US,aq-gyb-support-multiple-monthly, Support Multiple Device Monthly Subscription,2022-03-23,2022-07-30,1,2022-03-23 04:37:44,,2022-06-23 15:40:51,No,No,Rodger,Call,AQ_25,99.0,0.0,3.0,99.0,,74.85
GYB220323-7910-93109,US,aq-gyb-support-12-month-plan, Support 12-month plan,2022-03-23,2023-03-30,1,2022-03-23 17:08:04,,,No,No,Rodger,Call,AQ_25,252.0,84.0,,336.0,,
GYB220323-6422-37181,US,aq-one-time-pc-support, Support One Time PC Support ,,,0,2022-03-23 17:47:03,,,No,No,,,,119.2,29.8,,149.0,,
GYB220323-2559-96129,US,aq-one-time-pc-support, Support One Time PC Support ,,,0,2022-03-23 17:56:27,,,No,No,,,,119.2,29.8,,149.0,,
GYB220323-6876-95130,US,aq-one-time-pc-support, Support One Time PC Support ,,,0,2022-03-23 18:24:36,,,No,No,,,,119.2,29.8,,149.0,,
GYB220323-3044-52133,CA,aq-one-time-pc-support, Support One Time PC Support ,,,0,2022-03-23 19:26:56,,,No,No,,,,74.75,74.75,,149.5,,
GYB220323-7910-92132,US,aq-gyb-support-6-month-plan-lo, Support 6-month Plan,2022-03-23,2022-09-23,6,2022-03-23 21:14:29,,,No,No,Ruby,Ticket,AQ_21,249.0,0.0,,249.0,,
GYB220323-6876-38166,IL,aq-gyb-support-36-month-plan-hi, Support 36-month Plan,2022-03-23,2022-03-24,36,2022-03-23 23:18:47,2022-03-24 12:36:07,,No,Yes,,,,684.0,0.0,,684.0,684.0,
GYB220324-7871-19116,US,aq-gyb-support-single-monthly, Support Single Device Monthly Subscription,2022-03-24,2022-04-24,1,2022-03-24 18:23:08,,,No,No,,,,49.5,49.5,,99.0,,
GYB220324-4913-69125,US,aq-gyb-support-24-month-plan-hi, Support 24-month Plan,2022-03-24,,24,2022-03-24 22:11:07,,,No,No,Megan,Chat,PDFSuite.CTA,576.0,0.0,,576.0,,
GYB220324-2050-61128,US,gyb-support-single-monthly, Support Single Device Monthly Subscription,2022-03-24,2022-08-31,1,2022-03-24 22:39:45,,2022-07-24 15:07:33,No,No,,,,99.0,0.0,4.0,99.0,,79.8
GYB220324-5332-88130,US,aq-gyb-support-12-month-plan-hi, Support 12-month Plan,2022-03-24,2023-03-31,1,2022-03-24 23:45:29,,,No,No,Keira,Chat,AQ_21,432.0,0.0,,432.0,,
GYB220324-5332-88130,US,aq-gyb-support-12-month-plan-hi, Support 12-month Plan,2022-03-24,2023-03-31,1,2022-03-24 23:45:29,,,No,No,,,,432.0,0.0,,432.0,,
GYB220324-5332-11174,AU,aq-gyb-support-24-month-plan-hi, Support 24-month Plan,2022-03-24,2022-10-06,24,2022-03-25 02:50:05,,,No,No,Megan,Chat,PDFSuite.CTA,575.9,0.0,,575.9,,
GYB220325-4913-56125,US,aq-gyb-support-24-month-plan-hi, Support 24-month Plan,2022-03-25,,24,2022-03-25 03:13:55,,,No,No,Megan,Chat,PDFSuite.CTA,576.0,0.0,,576.0,,
GYB220325-4913-70155,CA,aq-one-time-pc-support, Support One Time PC Support ,,,0,2022-03-25 05:20:29,,,No,No,,,,119.11,29.78,,148.89,,
GYB220325-5541-34116,GB,aq-gyb-support-12-month-plan-hi, Support 12-month Plan,2022-03-25,2023-04-01,1,2022-03-25 21:28:46,,,No,No,,,,366.92,64.76,,431.68,,
GYB220325-5566-42122,AU,aq-gyb-support-3-month-plan-lo, Support 3-month Plan,2022-03-25,2023-05-26,1,2022-03-26 01:39:03,,2023-05-25 11:32:21,No,No,Keira,Chat,AQ_21,199.26,0.0,9.0,199.26,,166.27
GYB220326-5566-84101,AU,one-time-pc-support, Support One Time PC Support ,,,0,2022-03-26 04:31:10,,,No,No,,,,74.64,74.64,,149.28,,
GYB220326-7711-59144,AU,aq-gyb-support-12-month-plan-hi, Support 12-month Plan,2022-03-26,2023-04-02,1,2022-03-26 04:55:03,,,No,No,,,,432.06,0.0,,432.06,,
GYB220326-5541-94114,AU,aq-gyb-support-single-monthly, Support Single Device Monthly Subscription,2022-03-26,2022-04-26,1,2022-03-26 07:42:28,,,No,No,,,,74.47,24.83,,99.3,,
GYB220326-5541-91129,US,aq-gyb-support-12-month-plan-hi, Support 12-month Plan,2022-03-26,2022-08-04,12,2022-03-26 17:01:11,,,No,No,Rodger,Call,AQ_9,302.4,129.6,,432.0,,
GYB220326-7711-42168,US,aq-gyb-support-24-month-plan-hi, Support 24-month Plan,2022-03-26,2024-03-26,24,2022-03-26 19:54:33,,,No,No,Rodger,Call,AQ_25,576.0,0.0,,576.0,,
GYB220327-4732-29120,UA,gyb-support-36-month-plan, Support 36-month plan,2022-03-27,,36,2022-03-27 14:28:23,,,No,No,Alex,Chat,,576.0,0.0,,576.0,,
GYB220327-4732-94144,UA,gyb-support-36-month-plan, Support 36-month plan,2022-03-27,,36,2022-03-27 14:30:39,,,No,No,,,,576.0,0.0,,576.0,,
GYB220327-4732-57165,UA,gyb-support-36-month-plan, Support 36-month plan,2022-03-27,,36,2022-03-27 14:38:15,,,No,No,,,,576.0,0.0,,576.0,,
GYB220327-4913-74111,GB,aq-gyb-support-6-month-plan-lo, Support 6-month Plan,2022-03-27,2022-10-04,1,2022-03-27 15:25:55,,,No,No,Jules,Chat,AQ_9,199.32,49.83,,249.14999999999998,,
GYB220327-2543-96116,US,aq-gyb-support-6-month-plan-hi, Support 6-month Plan,2022-03-27,2022-09-27,6,2022-03-27 18:33:18,,,No,No,Ruby,Ticket,AQ_21,252.0,84.0,,336.0,,
GYB220327-5541-44119,EG,aq-gyb-support-12-month-plan-hi, Support 12-month Plan,2022-03-27,2023-08-03,1,2022-03-27 21:15:29,,2023-07-01 10:55:31,No,No,,,,345.6,86.4,4.0,432.0,,79.8
GYB220327-6791-67101,BB,aq-gyb-support-24-month-plan-hi, Support 24-month Plan,2022-03-27,2024-03-27,24,2022-03-27 21:25:56,,,No,No,Rodger,Call,AQ_9,432.0,144.0,,576.0,,
GYB220327-2543-77152,US,gyb-support-12-month-plan-hi, Support 12-month Plan,2022-03-27,2024-07-13,12,2022-03-27 21:42:17,,,No,No,Jackie,Call,BF.Upgrade,324.0,108.0,,432.0,,
GYB220328-4913-76127,AU,aq-gyb-support-single-monthly, Support Single Device Monthly Subscription,2022-03-28,2022-04-28,1,2022-03-28 04:21:46,,,No,No,,,,49.79,49.79,,99.58,,
GYB220328-5566-93116,CA,aq-gyb-support-12-month-plan-hi, Support 12-month Plan,2022-03-28,2023-03-28,12,2022-03-28 18:12:29,,,No,No,,,,345.92,86.48,,432.40000000000003,,
GYB220328-2050-88108,US,aq-gyb-support-36-month-plan-hi, Support 36-month Plan,2022-03-28,,36,2022-03-28 18:47:58,,,No,No,Rinna,Chat,AQ_9,684.0,0.0,,684.0,,
GYB220328-5541-76131,US,aq-one-time-pc-support, Support One Time PC Support ,,,0,2022-03-28 19:57:03,,,No,No,,,,74.5,74.5,,149.0,,
GYB220328-7711-85129,US,aq-gyb-support-single-monthly, Support Single Device Monthly Subscription,2022-03-28,2022-04-29,1,2022-03-28 20:26:51,,,No,No,Vicky,Call,AQ_25,49.5,49.5,,99.0,,
GYB220328-5541-29163,GB,aq-one-time-pc-support, Support One Time PC Support ,,,0,2022-03-28 22:35:00,,,No,No,,,,119.59,29.9,,149.49,,
GYB220328-7711-47169,US,gyb-support-single-monthly, Support Single Device Monthly Subscription,2022-03-28,2022-06-28,1,2022-03-28 22:47:42,,2022-06-28 17:04:15,No,No,Jackie,Call,BF.Upgrade,99.0,0.0,3.0,99.0,,59.849999999999994
GYB220328-2543-42151,US,aq-gyb-support-36-month-plan-hi, Support 36-month Plan,2022-03-28,2025-03-28,36,2022-03-29 00:50:29,,,No,No,Rodger,From Support,AQ.Upgrade,478.8,205.2,,684.0,,
GYB220328-2543-92182,US,aq-gyb-support-12-month-plan, Support 12-month plan,2022-03-28,2023-03-28,12,2022-03-29 01:20:56,,,No,No,Rodger,Call,AQ.Upgrade,235.2,100.8,,336.0,,
GYB220329-2543-35114,GB,aq-gyb-support-6-month-plan-lo, Support 6-month Plan,2022-03-29,2022-09-29,6,2022-03-29 19:21:56,,,No,No,Jules,Chat,AQ_9,199.23,49.8,,249.02999999999997,,
GYB220329-2050-12112,CA,aq-gyb-support-24-month-plan-hi, Support 24-month Plan,2022-03-29,,24,2022-03-29 23:41:28,,,No,No,Jackie,Call,AQ_1,489.08,86.31,,575.39,,
GYB220329-6791-66123,US,aq-one-time-pc-support, Support One Time PC Support ,,,0,2022-03-30 01:46:10,,,No,No,Jackie,Call,AQ_21,104.3,44.7,,149.0,,
GYB220330-4913-72103,GB,aq-gyb-support-3-month-plan-lo, Support 3-month Plan,2022-03-30,2022-07-30,1,2022-03-30 18:20:28,,2022-06-30 12:59:11,No,No,Keira,Chat,AQ_21,199.15,0.0,1.0,199.15,,18.53
GYB220330-5566-60139,US,aq-gyb-support-36-month-plan-hi, Support 36-month Plan,2022-03-30,2025-03-30,36,2022-03-30 19:31:36,,,No,No,,,,684.0,0.0,,684.0,,
GYB220330-6791-70119,CA,aq-one-time-pc-support, Support One Time PC Support ,,,0,2022-03-30 21:11:01,,,No,No,,,,148.94,0.0,,148.94,,
GYB220330-4913-68138,US,aq-gyb-support-3-month-plan-lo, Support 3-month Plan,2022-03-30,2022-06-30,3,2022-03-30 21:14:38,,,No,No,Keira,Chat,AQ_21,199.0,0.0,,199.0,,
GYB220330-2050-28110,US,aq-one-time-pc-support, Support One Time PC Support ,,,0,2022-03-30 22:53:43,,,No,No,,,,74.5,74.5,,149.0,,
GYB220330-5332-86110,US,aq-gyb-support-3-month-plan-lo, Support 3-month Plan,2022-03-30,2023-04-28,1,2022-03-30 23:17:03,,2023-03-28 13:46:42,No,No,Keira,Chat,AQ_21,199.0,0.0,10.0,199.0,,199.49999999999997
GYB220330-7323-80104,US,aq-one-time-pc-support, Support One Time PC Support ,,,0,2022-03-31 02:51:30,,,No,No,Vicky,Call,AQ_9,104.3,44.7,,149.0,,
GYB220331-3150-50104,AU,aq-one-time-pc-support, Support One Time PC Support ,,,0,2022-03-31 12:24:09,,,No,No,,,,149.01,0.0,,149.01,,
GYB220331-2793-63106,CA,aq-gyb-support-36-month-plan-hi, Support 36-month Plan,2022-03-31,,36,2022-03-31 19:58:42,,,No,No,,,,546.86,136.71,,683.57,,
GYB220331-9703-29106,US,aq-gyb-support-6-month-plan, Support 6-month plan,2022-03-31,2022-10-30,1,2022-03-31 20:19:23,,2022-09-30 13:06:30,No,No,Rodger,Call,AQ_9,144.0,48.0,1.0,192.0,,19.95
GYB220331-9703-13148,US,aq-gyb-support-36-month-plan-hi, Support 36-month Plan,2022-03-31,2022-05-11,36,2022-03-31 23:16:10,2022-05-11 10:53:28,,Yes,No,,,,547.2,136.8,,684.0,547.2,
GYB220331-8709-50130,US,aq-gyb-support-36-month-plan-hi, Support 36-month Plan,2022-03-31,2025-03-31,36,2022-04-01 01:09:08,,,No,No,,,,684.0,0.0,,684.0,,
GYB220331-9703-51187,US,aq-gyb-support-12-month-plan-hi, Support 12-month Plan,2022-03-31,2022-05-09,12,2022-04-01 02:01:27,2022-05-09 13:30:37,,Yes,No,,,,432.0,0.0,,432.0,432.0,
GYB220331-3150-41125,AU,aq-one-time-pc-support, Support One Time PC Support ,,,0,2022-04-01 02:02:46,,,No,No,,,,96.86,52.16,,149.01999999999998,,
GYB220401-8709-29128,AU,aq-gyb-support-12-month-plan, Support 12-month plan,2022-04-01,2023-07-08,1,2022-04-01 03:33:34,,2023-06-01 14:57:32,No,No,Rodger,Call,AQ_7,235.4,100.88,3.0,336.28,,53.78
GYB220401-3245-91126,AU,aq-gyb-support-12-month-plan, Support 12-month plan,2022-04-01,2023-04-01,12,2022-04-01 07:06:53,,,No,No,,,,235.4,100.88,,336.28,,
GYB220401-2793-55124,US,aq-one-time-pc-support, Support One Time PC Support ,,,0,2022-04-01 23:25:26,,,No,No,,,,149.0,0.0,,149.0,,
GYB220402-3245-21126,US,aq-one-time-pc-support, Support One Time PC Support ,,,0,2022-04-02 15:36:09,,,No,No,Jackie,Call,AQ_9,74.5,74.5,,149.0,,
GYB220402-8709-30113,US,aq-gyb-support-12-month-plan-hi, Support 12-month Plan,2022-04-02,2023-04-09,1,2022-04-02 23:50:05,,,No,No,,,,345.6,86.4,,432.0,,
GYB220402-8709-67143,CA,aq-one-time-pc-support, Support One Time PC Support ,,,0,2022-04-03 01:19:05,,,No,No,David,Call,AQ_1,74.47,74.47,,148.94,,
GYB220403-3150-68119,US,aq-gyb-support-3-month-plan-lo, Support 3-month Plan,2022-04-03,2022-07-03,3,2022-04-03 08:37:18,,,No,No,Keira,Chat,AQ_21,159.2,39.8,,199.0,,
GYB220403-7323-11118,US,aq-gyb-support-24-month-plan-hi, Support 24-month Plan,2022-04-03,,24,2022-04-03 21:31:29,,,No,No,Megan,Chat,PDFSuite.CTA,403.2,172.8,,576.0,,
GYB220403-7323-58148,PA,aq-gyb-support-6-month-plan-lo, Support 6-month Plan,2022-04-03,,1,2022-04-04 00:02:12,,2023-10-03 11:13:10,No,No,Jules,Chat,AQ_9,199.2,49.8,13.0,249.0,,259.34999999999997
GYB220403-2793-67119,NZ,aq-gyb-support-36-month-plan-hi, Support 36-month Plan,2022-04-03,,36,2022-04-04 01:30:27,,,No,No,Jules,Chat,AQ_9,683.97,0.0,,683.97,,
GYB220404-3153-26121,US,aq-gyb-support-6-month-plan-lo, Support 6-month Plan,2022-04-04,2022-11-03,1,2022-04-04 07:09:45,,2022-10-04 13:40:08,No,No,Jules,Chat,AQ_9,199.2,49.8,1.0,249.0,,19.95
GYB220404-2833-39114,CA,aq-gyb-support-3-month-plan-lo, Support 3-month Plan,2022-04-04,2022-07-04,3,2022-04-04 10:42:03,,,No,No,Keira,Chat,AQ_21,199.03,0.0,,199.03,,
GYB220404-9703-12140,US,aq-gyb-support-12-month-plan-hi, Support 12-month Plan,2022-04-04,2023-04-04,12,2022-04-04 21:03:19,,,No,No,,,,345.6,86.4,,432.0,,
GYB220404-2793-83123,US,aq-one-time-pc-support, Support One Time PC Support ,,,0,2022-04-05 01:21:19,,,No,No,Rinna,Chat,AQ_9,149.0,0.0,,149.0,,
GYB220405-2833-49117,US,aq-gyb-support-12-month-plan-hi, Support 12-month Plan,2022-04-05,,1,2022-04-05 17:12:01,,2023-10-05 12:39:30,No,No,Rinna,Chat,AQ_9,432.0,0.0,7.0,432.0,,139.65
GYB220405-7323-63105,US,aq-gyb-support-12-month-plan-hi, Support 12-month Plan,2022-04-05,2023-07-05,1,2022-04-05 20:23:17,,2023-06-05 11:34:47,No,No,,,,432.0,0.0,3.0,432.0,,59.849999999999994
GYB220405-3245-15115,US,aq-gyb-support-24-month-plan-hi, Support 24-month Plan,2022-04-05,,24,2022-04-06 02:26:33,,,No,No,Megan,Chat,PDFSuite.CTA,576.0,0.0,,576.0,,
GYB220406-3245-92115,US,aq-gyb-support-24-month-plan-hi, Support 24-month Plan,2022-04-06,,24,2022-04-06 18:40:41,,,No,No,Megan,Chat,PDFSuite.CTA,576.0,0.0,,576.0,,
GYB220406-2793-14113,US,aq-gyb-support-3-month-plan-lo, Support 3-month Plan,2022-04-06,2022-06-12,3,2022-04-06 20:08:35,,,No,No,Keira,Chat,AQ_21,199.0,0.0,,199.0,,
GYB220406-2793-69125,US,aq-gyb-support-single-monthly, Support Single Device Monthly Subscription,2022-04-06,2022-05-08,1,2022-04-06 20:43:04,,,No,No,,,,49.5,49.5,,99.0,,
GYB220406-3245-93139,US,aq-gyb-support-6-month-plan-lo, Support 6-month Plan,2022-04-06,2022-12-14,1,2022-04-07 01:54:16,,2022-12-06 13:49:57,No,No,David,Call,AQ_9,199.2,49.8,3.0,249.0,,59.849999999999994
GYB220407-3245-93123,CA,aq-gyb-support-6-month-plan, Support 6-month plan,2022-04-07,2023-01-14,1,2022-04-07 05:47:09,,2022-12-08 15:07:01,No,No,Rodger,Call,AQ_1,191.96,0.0,3.0,191.96,,55.239999999999995
GYB220407-3150-18113,US,aq-gyb-support-36-month-plan, Support 36-month plan,2022-04-07,,36,2022-04-07 18:02:54,,,No,No,Rodger,Call,AQ_9,576.0,0.0,,576.0,,
GYB220407-2833-71118,US,aq-gyb-support-24-month-plan-hi, Support 24-month Plan,2022-04-07,,24,2022-04-07 20:05:50,,,No,No,Rodger,Call,AQ_9,576.0,0.0,,576.0,,
GYB220407-2833-33148,US,aq-gyb-support-12-month-plan-hi, Support 12-month Plan,2022-04-07,2023-05-07,1,2022-04-07 20:38:13,2022-04-27 11:05:39,2023-04-07 13:32:05,No,Yes,,,,432.0,0.0,1.0,432.0,333.0,19.95
GYB220407-9368-20128,US,aq-gyb-support-single-monthly, Support Single Device Monthly Subscription,2022-04-07,2022-06-14,1,2022-04-08 02:11:51,,2022-05-07 14:17:40,No,No,,,,99.0,0.0,1.0,99.0,,19.95
